运输架次编号,通信阶段,开始时刻_s,结束时刻_s,保障方式,中继架次编号
T01,爬升,360.0,420.4180847167969,直连,
T01,巡航,420.4180847167969,630.6400145022342,直连,
T01,巡航,630.6400145022342,799.8476764340671,中继,RS01
T01,巡航,799.8476764340671,1038.0272893013296,中继,RS02
T01,下降,1038.0272893013296,1073.8089909614857,中继,RS02
T01,投送,1073.8089909614857,1283.8089909614857,中继,RS02
T01,爬升,1283.8089909614857,1313.6270756782826,中继,RS02
T01,巡航,1313.6270756782826,1545.2305273974794,中继,RS02
T01,巡航,1545.2305273974794,1776.8339791166763,中继,RS01
T01,巡航,1776.8339791166763,1931.2362802628077,直连,
T01,下降,1931.2362802628077,2003.7379819229639,直连,
T02,爬升,360.0,514.7491292317709,直连,
T02,巡航,514.7491292317709,720.4544721449797,直连,
T02,巡航,720.4544721449797,966.3826173896207,中继,RS02
T02,下降,966.3826173896207,1062.7615724677457,中继,RS02
T02,投送,1062.7615724677457,1272.7615724677457,中继,RS02
T02,爬升,1272.7615724677457,1353.0773683661832,中继,RS02
T02,巡航,1353.0773683661832,1691.8024844845695,中继,RS02
T02,巡航,1691.8024844845695,1804.7108565240317,直连,
T02,下降,1804.7108565240317,1990.4098116021567,直连,
T03,爬升,390.0,438.45220336914065,直连,
T03,巡航,438.45220336914065,630.6400145022342,直连,
T03,巡航,630.6400145022342,692.9504403262167,中继,RS01
T03,下降,692.9504403262167,728.5730843691855,直连,
T03,投送,728.5730843691855,968.5730843691855,直连,
T03,爬升,968.5730843691855,998.2586210716595,直连,
T03,巡航,998.2586210716595,1061.8831803109292,中继,RS01
T03,巡航,1061.8831803109292,1252.7568580287386,直连,
T03,下降,1252.7568580287386,1310.8995020717075,直连,
T04,爬升,390.0,469.4659464518229,直连,
T04,巡航,469.4659464518229,734.9832946372708,直连,
T04,下降,734.9832946372708,755.5024303794582,直连,
T04,投送,755.5024303794582,965.5024303794582,直连,
T04,爬升,965.5024303794582,1077.655807658104,直连,
T04,巡航,1077.655807658104,1468.0275448297718,中继,RS01
T04,下降,1468.0275448297718,1538.7315975641468,中继,RS01
T04,投送,1538.7315975641468,1718.7315975641468,中继,RS01
T04,爬升,1718.7315975641468,1751.1646826878448,中继,RS01
T04,巡航,1751.1646826878448,2126.751118404049,中继,RS01
T04,巡航,2126.751118404049,2251.9465969761172,直连,
T04,下降,2251.9465969761172,2429.586299124555,直连,
T05,爬升,390.0,485.20033162434896,直连,
T05,巡航,485.20033162434896,698.0008577342933,直连,
T05,巡航,698.0008577342933,720.4544721449797,中继,RS01
T05,巡航,720.4544721449797,977.8997774067877,中继,RS02
T05,下降,977.8997774067877,1031.3001753560065,中继,RS02
T05,投送,1031.3001753560065,1271.3001753560065,中继,RS02
T05,爬升,1271.3001753560065,1315.8005069803555,中继,RS02
T05,巡航,1315.8005069803555,1685.3250913171726,中继,RS02
T05,巡航,1685.3250913171726,1808.4999527627783,直连,
T05,下降,1808.4999527627783,1922.740350711997,直连,
T06,爬升,390.0,492.6455118815104,直连,
T06,巡航,492.6455118815104,720.4544721449797,直连,
T06,巡航,720.4544721449797,811.6118353065959,中继,RS02
T06,下降,811.6118353065959,845.2264495644084,中继,RS02
T06,投送,845.2264495644084,1085.2264495644085,中继,RS02
T06,爬升,1085.2264495644085,1113.2386281125855,中继,RS02
T06,巡航,1113.2386281125855,1352.4633706814016,中继,RS02
T06,巡航,1352.4633706814016,1432.2049515376734,直连,
T06,下降,1432.2049515376734,1555.3795657954859,直连,
T07,爬升,540.0,635.3591357421875,直连,
T07,巡航,635.3591357421875,847.7730142905458,直连,
T07,下降,847.7730142905458,873.4219339682802,直连,
T07,投送,873.4219339682802,1197.4219339682802,直连,
T07,爬升,1197.4219339682802,1307.6464652182801,直连,
T07,巡航,1307.6464652182801,1370.332508987208,中继,RS01
T07,巡航,1370.332508987208,1401.675530871672,直连,
T07,巡航,1401.675530871672,1474.809248602088,中继,RS01
T07,下降,1474.809248602088,1595.739912664588,中继,RS01
T07,投送,1595.739912664588,1919.739912664588,中继,RS01
T07,爬升,1919.739912664588,1985.1291826841193,中继,RS01
T07,巡航,1985.1291826841193,2060.7035254609636,中继,RS01
T07,巡航,2060.7035254609636,2287.426553791498,直连,
T07,下降,2287.426553791498,2479.563141315912,直连,
T08,爬升,510.0,568.1426440429688,直连,
T08,巡航,568.1426440429688,720.4544721449797,直连,
T08,巡航,720.4544721449797,771.7412336086296,中继,RS01
T08,下降,771.7412336086296,816.2695386623406,直连,
T08,投送,816.2695386623406,1032.2695386623404,直连,
T08,爬升,1032.2695386623404,1082.3674756740593,直连,
T08,巡航,1082.3674756740593,1155.044101325927,中继,RS01
T08,巡航,1155.044101325927,1373.0739782815297,中继,RS02
T08,下降,1373.0739782815297,1417.946399546178,中继,RS02
T08,投送,1417.946399546178,1813.946399546178,中继,RS02
T08,爬升,1813.946399546178,1849.7281012063343,中继,RS02
T08,巡航,1849.7281012063343,2035.0108625816918,中继,RS02
T08,巡航,2035.0108625816918,2220.293623957049,中继,RS01
T08,巡航,2220.293623957049,2343.815464873954,直连,
T08,下降,2343.815464873954,2434.4425919491496,直连,
T09,爬升,1671.0,1719.4522033691405,直连,
T09,巡航,1719.4522033691405,1910.3258810869477,直连,
T09,巡航,1910.3258810869477,1973.9504403262167,中继,RS01
T09,下降,1973.9504403262167,2009.5730843691854,直连,
T09,投送,2009.5730843691854,2219.5730843691854,直连,
T09,爬升,2219.5730843691854,2249.2586210716595,直连,
T09,巡航,2249.2586210716595,2312.883180310929,中继,RS01
T09,巡航,2312.883180310929,2503.756858028739,直连,
T09,下降,2503.756858028739,2561.8995020717075,直连,
T10,爬升,1945.3795657954859,2035.8735070389755,直连,
T10,巡航,2035.8735070389755,2116.6942133225116,直连,
T10,巡航,2116.6942133225116,2359.1563321731205,中继,RS02
T10,下降,2359.1563321731205,2378.149061665308,中继,RS02
T10,投送,2378.149061665308,2618.149061665308,中继,RS02
T10,爬升,2618.149061665308,2633.976336242131,中继,RS02
T10,巡航,2633.976336242131,2876.4384550927416,中继,RS02
T10,巡航,2876.4384550927416,2957.2591613762784,直连,
T10,下降,2957.2591613762784,3065.851890868466,直连,
T11,爬升,2283.0,2331.4522033691405,直连,
T11,巡航,2331.4522033691405,2484.1511455433865,直连,
T11,巡航,2484.1511455433865,2535.0507929348014,中继,RS01
T11,下降,2535.0507929348014,2570.6734369777705,直连,
T11,投送,2570.6734369777705,2780.6734369777705,直连,
T11,爬升,2780.6734369777705,2810.358973680244,直连,
T11,巡航,2810.358973680244,2861.25862107166,中继,RS01
T11,巡航,2861.25862107166,3013.9575632459077,直连,
T11,下降,3013.9575632459077,3072.1002072888764,直连,
T12,爬升,2350.409811602157,2398.8620149712974,直连,
T12,巡航,2398.8620149712974,2589.7356926891043,直连,
T12,巡航,2589.7356926891043,2653.360251928373,中继,RS01
T12,下降,2653.360251928373,2688.9828959713423,直连,
T12,投送,2688.9828959713423,2868.9828959713423,直连,
T12,爬升,2868.9828959713423,3007.6663676510298,直连,
T12,巡航,3007.6663676510298,3440.683959677587,中继,RS02
T12,下降,3440.683959677587,3540.304125693212,中继,RS02
T12,投送,3540.304125693212,3720.304125693212,中继,RS02
T12,爬升,3720.304125693212,3800.6199215916495,中继,RS02
T12,巡航,3800.6199215916495,4139.345037710036,中继,RS02
T12,巡航,4139.345037710036,4252.253409749498,直连,
T12,下降,4252.253409749498,4437.952364827623,直连,
T13,爬升,2536.1549197008644,2680.8562990953956,直连,
T13,巡航,2680.8562990953956,2832.1725335999436,直连,
T13,巡航,2832.1725335999436,3286.1212371135866,中继,RS01
T13,下降,3286.1212371135866,3375.442892387024,中继,RS01
T13,投送,3375.442892387024,3585.442892387024,中继,RS01
T13,爬升,3585.442892387024,3659.877605114889,中继,RS01
T13,巡航,3659.877605114889,4113.8263086285315,中继,RS01
T13,巡航,4113.8263086285315,4265.142543133079,直连,
T13,下降,4265.142543133079,4438.784198406516,直连,
T14,爬升,2914.4425919491496,2972.585235992118,直连,
T14,巡航,2972.585235992118,3125.2841781663637,直连,
T14,巡航,3125.2841781663637,3176.183825557779,中继,RS01
T14,下降,3176.183825557779,3220.71213061149,直连,
T14,投送,3220.71213061149,3544.71213061149,直连,
T14,爬升,3544.71213061149,3617.8269987755525,直连,
T14,巡航,3617.8269987755525,4015.7075591102366,中继,RS01
T14,下降,4015.7075591102366,4063.651144315315,中继,RS01
T14,投送,4063.651144315315,4315.651144315315,中继,RS01
T14,爬升,4315.651144315315,4356.454877225471,中继,RS01
T14,巡航,4356.454877225471,4698.0,中继,RS01
T14,巡航,4698.0,4895.057084718348,直连,
T14,下降,4895.057084718348,5017.661750856043,直连,
T15,爬升,2990.0,3143.7092700195312,直连,
T15,巡航,3143.7092700195312,3370.4322983500665,直连,
T15,巡航,3370.4322983500665,3446.0066411269117,中继,RS01
T15,下降,3446.0066411269117,3527.743228651326,中继,RS01
T15,投送,3527.743228651326,3743.743228651326,中继,RS01
T15,爬升,3743.743228651326,3768.6229649794504,中继,RS01
T15,巡航,3768.6229649794504,3950.907073157246,中继,RS01
T15,下降,3950.907073157246,3987.0067435674023,中继,RS01
T15,投送,3987.0067435674023,4383.006743567403,中继,RS01
T15,爬升,4383.006743567403,4472.32839884084,中继,RS01
T15,巡航,4472.32839884084,4698.0,中继,RS01
T15,巡航,4698.0,4956.540349255392,直连,
T15,下降,4956.540349255392,5173.592418347189,直连,
T16,爬升,3456.0,3537.736444091797,直连,
T16,巡航,3537.736444091797,3672.386995965018,直连,
T16,巡航,3672.386995965018,4076.3386515846805,中继,RS01
T16,下降,4076.3386515846805,4117.142384494837,中继,RS01
T16,投送,4117.142384494837,4357.142384494837,中继,RS01
T16,爬升,4357.142384494837,4391.1454952533,中继,RS01
T16,巡航,4391.1454952533,4698.0,中继,RS01
T16,巡航,4698.0,4929.747702746177,直连,
T16,下降,4929.747702746177,5027.831435656333,直连,
T17,爬升,5418.0,5473.176304117838,直连,
T17,巡航,5473.176304117838,5663.347802858291,直连,
T17,巡航,5663.347802858291,5853.519301598743,中继,RS02
T17,下降,5853.519301598743,5878.81086654015,中继,RS02
T17,投送,5878.81086654015,6118.81086654015,中继,RS02
T17,爬升,6118.81086654015,6139.8871706579885,中继,RS02
T17,巡航,6139.8871706579885,6337.041086129719,中继,RS02
T17,巡航,6337.041086129719,6520.230168138897,直连,
T17,下降,6520.230168138897,6586.4417330803035,直连,
T18,爬升,5709.0,5776.064702148437,直连,
T18,巡航,5776.064702148437,5963.269650992063,直连,
T18,下降,5963.269650992063,6004.90052867761,直连,
T18,投送,6004.90052867761,6292.90052867761,直连,
T18,爬升,6292.90052867761,6352.51609508386,直连,
T18,巡航,6352.51609508386,6402.759057953629,直连,
T18,巡航,6402.759057953629,6712.765064953535,中继,RS03
T18,下降,6712.765064953535,6779.184522961347,中继,RS03
T18,投送,6779.184522961347,7031.184522961347,中继,RS03
T18,爬升,7031.184522961347,7099.160189465254,中继,RS03
T18,巡航,7099.160189465254,7350.0,中继,RS03
T18,巡航,7350.0,7613.473286072531,直连,
T18,下降,7613.473286072531,7748.742869202413,直连,
T19,爬升,5972.0,6062.179722086588,直连,
T19,巡航,6062.179722086588,6232.469390020109,直连,
T19,巡航,6232.469390020109,6402.759057953629,中继,RS02
T19,巡航,6402.759057953629,6705.071092845695,中继,RS03
T19,下降,6705.071092845695,6773.046759349601,中继,RS03
T19,投送,6773.046759349601,6983.046759349601,中继,RS03
T19,爬升,6983.046759349601,7039.693148102856,中继,RS03
T19,巡航,7039.693148102856,7350.0,中继,RS03
T19,巡航,7350.0,7682.584518861952,直连,
T19,下降,7682.584518861952,7790.800185365859,直连,
T20,爬升,5972.0,6062.179722086588,直连,
T20,巡航,6062.179722086588,6232.469390020109,直连,
T20,巡航,6232.469390020109,6402.759057953629,中继,RS02
T20,巡航,6402.759057953629,6705.071092845695,中继,RS03
T20,下降,6705.071092845695,6773.046759349601,中继,RS03
T20,投送,6773.046759349601,6983.046759349601,中继,RS03
T20,爬升,6983.046759349601,7039.693148102856,中继,RS03
T20,巡航,7039.693148102856,7350.0,中继,RS03
T20,巡航,7350.0,7682.584518861952,直连,
T20,下降,7682.584518861952,7790.800185365859,直连,
T21,爬升,6192.0,6271.48435546875,直连,
T21,巡航,6271.48435546875,6457.950497946909,直连,
T21,巡航,6457.950497946909,6623.52481792675,中继,RS03
T21,下降,6623.52481792675,6689.2302622626885,中继,RS03
T21,投送,6689.2302622626885,7085.2302622626885,中继,RS03
T21,爬升,7085.2302622626885,7133.685462458001,中继,RS03
T21,巡航,7133.685462458001,7267.887308273443,中继,RS03
T21,巡航,7267.887308273443,7328.888147280462,直连,
T21,下降,7328.888147280462,7394.957147524603,直连,
T21,投送,7394.957147524603,7646.957147524603,直连,
T21,爬升,7646.957147524603,7682.579791567571,直连,
T21,巡航,7682.579791567571,7886.178381133235,直连,
T21,下降,7886.178381133235,7958.856686186946,直连,
T22,爬升,6259.0,6407.033085123698,直连,
T22,巡航,6407.033085123698,6604.258271280924,直连,
T22,巡航,6604.258271280924,6807.658616554322,中继,RS03
T22,下降,6807.658616554322,6846.57831870276,中继,RS03
T22,投送,6846.57831870276,7056.57831870276,中继,RS03
T22,爬升,7056.57831870276,7089.011403826458,中继,RS03
T22,巡航,7089.011403826458,7284.752850956615,中继,RS03
T22,巡航,7284.752850956615,7489.636935257076,直连,
T22,下降,7489.636935257076,7667.276637405514,直连,
