方案,种子,迭代,当前代价,历史最优代价,历史最优完成时间_s,历史最优能耗_kWh,历史最优架次
完成时间优先,0,100,67261.54545163432,65848.09485326738,6539.12979236453,68.35938592441566,23
完成时间优先,0,300,69504.3831798706,65848.09485326738,6539.12979236453,68.35938592441566,23
完成时间优先,0,500,69719.92006583035,65848.09485326738,6539.12979236453,68.35938592441566,23
完成时间优先,0,800,69870.26160374531,65848.09485326738,6539.12979236453,68.35938592441566,23
完成时间优先,0,1100,68190.04975122787,65848.09485326738,6539.12979236453,68.35938592441566,23
完成时间优先,0,1200,67872.8197465762,65848.09485326738,6539.12979236453,68.35938592441566,23
完成时间优先,0,1300,67884.5309536318,65848.09485326738,6539.12979236453,68.35938592441566,23
完成时间优先,0,1400,67862.79958084114,65848.09485326738,6539.12979236453,68.35938592441566,23
完成时间优先,0,1500,67843.09879991514,65848.09485326738,6539.12979236453,68.35938592441566,23
完成时间优先,0,1600,67372.54255563949,65848.09485326738,6539.12979236453,68.35938592441566,23
完成时间优先,0,1700,66784.90182469515,65848.09485326738,6539.12979236453,68.35938592441566,23
完成时间优先,0,1800,66775.34182033002,65848.09485326738,6539.12979236453,68.35938592441566,23
完成时间优先,0,1900,66775.45578762692,65848.09485326738,6539.12979236453,68.35938592441566,23
完成时间优先,0,2000,67236.6148210629,65848.09485326738,6539.12979236453,68.35938592441566,23
完成时间优先,0,2200,67235.60075865945,65848.09485326738,6539.12979236453,68.35938592441566,23
完成时间优先,0,2300,66766.8118401283,65848.09485326738,6539.12979236453,68.35938592441566,23
完成时间优先,0,2400,66765.86248338851,65848.09485326738,6539.12979236453,68.35938592441566,23
完成时间优先,0,2500,66765.70171778854,65848.09485326738,6539.12979236453,68.35938592441566,23
完成时间优先,0,2600,66765.93849307355,65848.09485326738,6539.12979236453,68.35938592441566,23
完成时间优先,0,2700,66782.16540735248,65848.09485326738,6539.12979236453,68.35938592441566,23
完成时间优先,0,2800,66782.27661640928,65848.09485326738,6539.12979236453,68.35938592441566,23
完成时间优先,0,2900,66780.93689417464,65848.09485326738,6539.12979236453,68.35938592441566,23
完成时间优先,0,3000,66782.38936782416,65848.09485326738,6539.12979236453,68.35938592441566,23
完成时间优先,0,3100,66781.00919721466,65848.09485326738,6539.12979236453,68.35938592441566,23
完成时间优先,0,3200,66780.79853532108,65848.09485326738,6539.12979236453,68.35938592441566,23
完成时间优先,0,3300,66778.81604746367,65848.09485326738,6539.12979236453,68.35938592441566,23
完成时间优先,0,3400,66778.77000837386,65848.09485326738,6539.12979236453,68.35938592441566,23
完成时间优先,0,3500,66779.5513440643,65848.09485326738,6539.12979236453,68.35938592441566,23
完成时间优先,0,3600,66779.42853607619,65848.09485326738,6539.12979236453,68.35938592441566,23
完成时间优先,0,4100,66596.65944028259,65848.09485326738,6539.12979236453,68.35938592441566,23
完成时间优先,0,4300,66608.06163132985,65848.09485326738,6539.12979236453,68.35938592441566,23
完成时间优先,0,4400,66234.92657160712,65848.09485326738,6539.12979236453,68.35938592441566,23
完成时间优先,0,4500,66183.21069544795,65848.09485326738,6539.12979236453,68.35938592441566,23
完成时间优先,0,4600,66181.5437910052,65848.09485326738,6539.12979236453,68.35938592441566,23
完成时间优先,0,4700,66181.48695141141,65848.09485326738,6539.12979236453,68.35938592441566,23
完成时间优先,0,5000,66180.54135876425,65848.09485326738,6539.12979236453,68.35938592441566,23
完成时间优先,0,5100,66181.22010147863,65848.09485326738,6539.12979236453,68.35938592441566,23
完成时间优先,0,5200,66180.92792293783,65848.09485326738,6539.12979236453,68.35938592441566,23
完成时间优先,0,5300,66182.59514072549,65848.09485326738,6539.12979236453,68.35938592441566,23
完成时间优先,0,5500,66184.07010251304,65848.09485326738,6539.12979236453,68.35938592441566,23
完成时间优先,0,5600,66184.36304100981,65848.09485326738,6539.12979236453,68.35938592441566,23
完成时间优先,0,5700,66182.03844984641,65848.09485326738,6539.12979236453,68.35938592441566,23
完成时间优先,0,5900,66182.29663524566,65848.09485326738,6539.12979236453,68.35938592441566,23
完成时间优先,0,6000,66183.36611208296,65848.09485326738,6539.12979236453,68.35938592441566,23
完成时间优先,0,6100,66181.09942266399,65848.09485326738,6539.12979236453,68.35938592441566,23
完成时间优先,0,6200,66183.98516002152,65848.09485326738,6539.12979236453,68.35938592441566,23
完成时间优先,0,6300,66181.74870015518,65848.09485326738,6539.12979236453,68.35938592441566,23
完成时间优先,0,6400,66180.74868008206,65848.09485326738,6539.12979236453,68.35938592441566,23
完成时间优先,0,6700,66172.34795554119,65848.09485326738,6539.12979236453,68.35938592441566,23
完成时间优先,0,6800,66171.0541165542,65848.09485326738,6539.12979236453,68.35938592441566,23
完成时间优先,0,7000,66173.05555689284,65848.09485326738,6539.12979236453,68.35938592441566,23
完成时间优先,0,7100,66172.55894111982,65848.09485326738,6539.12979236453,68.35938592441566,23
完成时间优先,0,7200,66172.50849962162,65848.09485326738,6539.12979236453,68.35938592441566,23
完成时间优先,0,7300,66170.71403316442,65848.09485326738,6539.12979236453,68.35938592441566,23
完成时间优先,0,7600,66171.37661649885,65848.09485326738,6539.12979236453,68.35938592441566,23
完成时间优先,0,7700,66170.87534424002,65848.09485326738,6539.12979236453,68.35938592441566,23
完成时间优先,0,7900,66170.83947140422,65848.09485326738,6539.12979236453,68.35938592441566,23
完成时间优先,1,100,67127.64263181445,65685.82717841868,6522.900301924575,68.36483183458577,23
完成时间优先,1,200,67665.82907110265,65685.82717841868,6522.900301924575,68.36483183458577,23
完成时间优先,1,400,67127.91447369252,65685.82717841868,6522.900301924575,68.36483183458577,23
完成时间优先,1,500,67139.39583586664,65685.82717841868,6522.900301924575,68.36483183458577,23
完成时间优先,1,600,71667.09531315457,65685.82717841868,6522.900301924575,68.36483183458577,23
完成时间优先,1,700,71666.92979865847,65685.82717841868,6522.900301924575,68.36483183458577,23
完成时间优先,1,800,71653.1296953008,65685.82717841868,6522.900301924575,68.36483183458577,23
完成时间优先,1,900,68482.89305857586,65685.82717841868,6522.900301924575,68.36483183458577,23
完成时间优先,1,1000,67826.43540647705,65685.82717841868,6522.900301924575,68.36483183458577,23
完成时间优先,1,1200,67035.17913976402,65685.82717841868,6522.900301924575,68.36483183458577,23
完成时间优先,1,1300,65716.46538469211,65685.82717841868,6522.900301924575,68.36483183458577,23
完成时间优先,1,1600,65689.96004774977,65685.82717841868,6522.900301924575,68.36483183458577,23
完成时间优先,1,1700,65690.25081278055,65685.82717841868,6522.900301924575,68.36483183458577,23
完成时间优先,1,1900,65697.36290881973,65685.82717841868,6522.900301924575,68.36483183458577,23
完成时间优先,1,2000,65025.731881980806,65024.505260548394,6455.5155113126975,69.87002948428419,24
完成时间优先,1,2200,65140.61127470382,65016.63376978399,6455.5155113126975,69.29573133140352,23
完成时间优先,1,2600,65023.74109086592,64738.9954249237,6427.573880477822,69.6513240290946,23
完成时间优先,1,2700,65021.50248730272,64738.9954249237,6427.573880477822,69.6513240290946,23
完成时间优先,1,2900,65023.04543111405,64738.9954249237,6427.573880477822,69.6513240290946,23
完成时间优先,1,3100,65025.50147764714,64738.9954249237,6427.573880477822,69.6513240290946,23
完成时间优先,1,3300,65026.59366168804,64738.9954249237,6427.573880477822,69.6513240290946,23
完成时间优先,1,3500,65041.33402327713,64738.9954249237,6427.573880477822,69.6513240290946,23
完成时间优先,1,3600,65040.3575524931,64738.9954249237,6427.573880477822,69.6513240290946,23
完成时间优先,1,3700,65022.69207499071,64738.9954249237,6427.573880477822,69.6513240290946,23
完成时间优先,1,3900,65031.651652195236,64738.9954249237,6427.573880477822,69.6513240290946,23
完成时间优先,1,4000,65032.17703865755,64738.9954249237,6427.573880477822,69.6513240290946,23
完成时间优先,1,4100,65032.89738109476,64738.9954249237,6427.573880477822,69.6513240290946,23
完成时间优先,1,4200,65033.34444123674,64738.9954249237,6427.573880477822,69.6513240290946,23
完成时间优先,1,4300,65031.47981661775,64738.9954249237,6427.573880477822,69.6513240290946,23
完成时间优先,1,4400,65032.34412372316,64738.9954249237,6427.573880477822,69.6513240290946,23
完成时间优先,1,4500,65032.79126284049,64738.9954249237,6427.573880477822,69.6513240290946,23
完成时间优先,1,4700,65030.230336723886,64738.9954249237,6427.573880477822,69.6513240290946,23
完成时间优先,1,5000,65031.43945331424,64738.9954249237,6427.573880477822,69.6513240290946,23
完成时间优先,1,5200,65031.09253355569,64738.9954249237,6427.573880477822,69.6513240290946,23
完成时间优先,1,5400,65031.65952124407,64738.9954249237,6427.573880477822,69.6513240290946,23
完成时间优先,1,5500,65032.484132493104,64738.9954249237,6427.573880477822,69.6513240290946,23
完成时间优先,1,5600,65032.61306823797,64738.9954249237,6427.573880477822,69.6513240290946,23
完成时间优先,1,5700,65031.85228151571,64738.9954249237,6427.573880477822,69.6513240290946,23
完成时间优先,1,5800,65031.03581855426,64738.9954249237,6427.573880477822,69.6513240290946,23
完成时间优先,1,5900,65030.653328738335,64738.9954249237,6427.573880477822,69.6513240290946,23
完成时间优先,1,6200,65031.37332532368,64738.9954249237,6427.573880477822,69.6513240290946,23
完成时间优先,1,6400,65031.867460025955,64738.9954249237,6427.573880477822,69.6513240290946,23
完成时间优先,1,6500,64743.531903092044,64738.9954249237,6427.573880477822,69.6513240290946,23
完成时间优先,1,6600,64743.78402356344,64738.9954249237,6427.573880477822,69.6513240290946,23
完成时间优先,1,6700,64743.74780912746,64738.9954249237,6427.573880477822,69.6513240290946,23
完成时间优先,1,6800,64743.82316321484,64738.9954249237,6427.573880477822,69.6513240290946,23
完成时间优先,1,7000,64737.41467643174,64736.811104561886,6427.573880477822,69.21445995673226,23
完成时间优先,1,7100,64736.66510018541,64736.041834965654,6427.573880477822,69.06060603748605,23
完成时间优先,1,7500,64736.041834965654,64735.99294055607,6427.573880477822,69.05082715556895,23
完成时间优先,1,7600,64737.25227896826,64735.99294055607,6427.573880477822,69.05082715556895,23
完成时间优先,1,7700,64737.26867205526,64735.99294055607,6427.573880477822,69.05082715556895,23
完成时间优先,1,7800,64738.526749101344,64735.99294055607,6427.573880477822,69.05082715556895,23
完成时间优先,1,8000,64737.45156417114,64735.99294055607,6427.573880477822,69.05082715556895,23
完成时间优先,2,100,65997.64867690725,65848.09485326738,6539.12979236453,68.35938592441566,23
完成时间优先,2,400,69119.0656206798,65848.09485326738,6539.12979236453,68.35938592441566,23
完成时间优先,2,900,73147.64464654587,65848.09485326738,6539.12979236453,68.35938592441566,23
完成时间优先,2,1000,69036.18781350693,65848.09485326738,6539.12979236453,68.35938592441566,23
完成时间优先,2,1100,69345.75947160665,65848.09485326738,6539.12979236453,68.35938592441566,23
完成时间优先,2,1200,69338.2480124541,65848.09485326738,6539.12979236453,68.35938592441566,23
完成时间优先,2,1300,66261.32984832025,65697.48694455271,6521.5155113126975,72.46636628514942,24
完成时间优先,2,1400,65695.96936228895,65695.93673836152,6521.5155113126975,72.15632504690988,24
完成时间优先,2,1600,65694.27266244535,65693.66909057544,6521.5155113126975,71.70279548969197,24
完成时间优先,2,1900,66024.2134104275,65693.66909057544,6521.5155113126975,71.70279548969197,24
完成时间优先,2,2100,66021.96891059446,65693.66909057544,6521.5155113126975,71.70279548969197,24
完成时间优先,2,2200,65697.41492563694,65692.98247472629,6521.5155113126975,71.56547231986333,24
完成时间优先,2,2300,65697.42046385564,65692.98247472629,6521.5155113126975,71.56547231986333,24
完成时间优先,2,2400,65709.26644908862,65692.98247472629,6521.5155113126975,71.56547231986333,24
完成时间优先,2,2600,65712.83768348576,65692.98247472629,6521.5155113126975,71.56547231986333,24
完成时间优先,2,2900,65697.95080770238,65692.98247472629,6521.5155113126975,71.56547231986333,24
完成时间优先,2,3000,65710.42852871644,65692.98247472629,6521.5155113126975,71.56547231986333,24
完成时间优先,2,3100,65696.21684402242,65692.98247472629,6521.5155113126975,71.56547231986333,24
完成时间优先,2,3200,65034.18630397917,65033.775840133814,6455.5155113126975,71.72414540136809,24
完成时间优先,2,3300,65034.07455332732,65033.12520433477,6455.5155113126975,71.59401824155977,24
完成时间优先,2,3500,65034.493173026276,65032.71827035894,6455.5155113126975,71.51263144639402,24
完成时间优先,2,3600,65035.24848368692,65032.71827035894,6455.5155113126975,71.51263144639402,24
完成时间优先,2,3700,65036.0214812995,65032.71827035894,6455.5155113126975,71.51263144639402,24
完成时间优先,2,3900,65048.37911446069,65032.71827035894,6455.5155113126975,71.51263144639402,24
完成时间优先,2,4100,65049.741310573845,65032.71827035894,6455.5155113126975,71.51263144639402,24
完成时间优先,2,4200,65050.1922133457,65032.71827035894,6455.5155113126975,71.51263144639402,24
完成时间优先,2,4400,65053.10007987829,65032.71827035894,6455.5155113126975,71.51263144639402,24
完成时间优先,2,4800,65037.514969101205,65032.71827035894,6455.5155113126975,71.51263144639402,24
完成时间优先,2,4900,65034.66195024415,65032.71827035894,6455.5155113126975,71.51263144639402,24
完成时间优先,2,5100,65034.42076357313,65032.71827035894,6455.5155113126975,71.51263144639402,24
完成时间优先,2,5200,65034.01706203414,65032.71827035894,6455.5155113126975,71.51263144639402,24
完成时间优先,2,5500,65034.99184934693,65032.71827035894,6455.5155113126975,71.51263144639402,24
完成时间优先,2,6000,65035.54317913259,65032.71827035894,6455.5155113126975,71.51263144639402,24
完成时间优先,2,6100,65035.54317913259,65032.71827035894,6455.5155113126975,71.51263144639402,24
完成时间优先,2,6200,65035.85926170914,65032.71827035894,6455.5155113126975,71.51263144639402,24
完成时间优先,2,6300,65035.25886143743,65032.71827035894,6455.5155113126975,71.51263144639402,24
完成时间优先,2,6400,65033.89232275051,65032.71827035894,6455.5155113126975,71.51263144639402,24
完成时间优先,2,6500,65034.20167407703,65032.71827035894,6455.5155113126975,71.51263144639402,24
完成时间优先,2,7000,65035.206028170236,65031.61943174598,6455.5155113126975,71.2928637238022,24
完成时间优先,2,7600,65033.68648038701,65031.33083595461,6455.5155113126975,71.23514456552829,24
完成时间优先,2,7700,65031.59029269411,65031.33083595461,6455.5155113126975,71.23514456552829,24
完成时间优先,2,7800,65032.245299163194,65031.33083595461,6455.5155113126975,71.23514456552829,24
完成时间优先,3,100,68908.69481172685,65793.81884940801,6532.3708703298835,70.02202922183473,24
完成时间优先,3,600,69629.25163211966,65793.81884940801,6532.3708703298835,70.02202922183473,24
完成时间优先,3,800,69731.79986638969,65793.81884940801,6532.3708703298835,70.02202922183473,24
完成时间优先,3,900,71086.60497547394,65793.81884940801,6532.3708703298835,70.02202922183473,24
完成时间优先,3,1200,66385.14196201036,65793.81884940801,6532.3708703298835,70.02202922183473,24
完成时间优先,3,1300,66208.41618133549,65793.81884940801,6532.3708703298835,70.02202922183473,24
完成时间优先,3,1400,66821.99504447085,65793.81884940801,6532.3708703298835,70.02202922183473,24
完成时间优先,3,1500,66033.19166864637,65793.81884940801,6532.3708703298835,70.02202922183473,24
完成时间优先,3,1600,65719.08275518939,65718.7276015009,6522.900301924575,72.94491645103068,25
完成时间优先,3,1700,65762.34898386938,65718.7276015009,6522.900301924575,72.94491645103068,25
完成时间优先,3,1800,65761.8575165848,65718.7276015009,6522.900301924575,72.94491645103068,25
完成时间优先,3,1900,65762.18516429797,65718.7276015009,6522.900301924575,72.94491645103068,25
完成时间优先,3,2000,65760.34955639209,65718.7276015009,6522.900301924575,72.94491645103068,25
完成时间优先,3,2200,65615.6604664166,65614.14171862273,6511.70546486793,73.41741398868754,26
完成时间优先,3,2400,65762.91129615034,65614.14171862273,6511.70546486793,73.41741398868754,26
完成时间优先,3,2500,65722.35476302689,65614.14171862273,6511.70546486793,73.41741398868754,26
完成时间优先,3,2600,65718.61565237313,65614.14171862273,6511.70546486793,73.41741398868754,26
完成时间优先,3,2700,65720.76631844154,65614.14171862273,6511.70546486793,73.41741398868754,26
完成时间优先,3,3100,65719.8949395341,65614.14171862273,6511.70546486793,73.41741398868754,26
完成时间优先,3,3300,65867.52904754033,65614.14171862273,6511.70546486793,73.41741398868754,26
完成时间优先,3,3600,65721.93771799974,65614.14171862273,6511.70546486793,73.41741398868754,26
完成时间优先,3,3700,65724.91499130696,65614.14171862273,6511.70546486793,73.41741398868754,26
完成时间优先,3,3800,65716.31313950033,65614.14171862273,6511.70546486793,73.41741398868754,26
完成时间优先,3,3900,65716.47246611892,65614.14171862273,6511.70546486793,73.41741398868754,26
完成时间优先,3,4000,65718.45045258931,65614.14171862273,6511.70546486793,73.41741398868754,26
完成时间优先,3,4300,65617.44071772817,65614.14171862273,6511.70546486793,73.41741398868754,26
完成时间优先,3,4400,65618.57366059927,65614.14171862273,6511.70546486793,73.41741398868754,26
完成时间优先,3,4500,65619.63236393739,65614.14171862273,6511.70546486793,73.41741398868754,26
完成时间优先,3,4600,65619.59729147967,65614.14171862273,6511.70546486793,73.41741398868754,26
完成时间优先,3,4700,65618.17594371777,65614.14171862273,6511.70546486793,73.41741398868754,26
完成时间优先,3,4800,65616.54492337334,65614.14171862273,6511.70546486793,73.41741398868754,26
完成时间优先,3,5100,65618.39457685468,65614.14171862273,6511.70546486793,73.41741398868754,26
完成时间优先,3,5300,65619.2183611802,65614.14171862273,6511.70546486793,73.41741398868754,26
完成时间优先,3,5400,65620.54481732551,65614.14171862273,6511.70546486793,73.41741398868754,26
完成时间优先,3,5500,65621.41809243869,65614.14171862273,6511.70546486793,73.41741398868754,26
完成时间优先,3,5600,65618.70038888644,65614.14171862273,6511.70546486793,73.41741398868754,26
完成时间优先,3,5700,65620.2727003892,65614.14171862273,6511.70546486793,73.41741398868754,26
完成时间优先,3,5900,65616.83648100152,65614.14171862273,6511.70546486793,73.41741398868754,26
完成时间优先,3,6000,65620.92500421718,65614.14171862273,6511.70546486793,73.41741398868754,26
完成时间优先,3,6200,65617.56415304306,65614.14171862273,6511.70546486793,73.41741398868754,26
完成时间优先,3,6300,65616.91207487736,65614.14171862273,6511.70546486793,73.41741398868754,26
完成时间优先,3,6400,65617.96889966479,65614.14171862273,6511.70546486793,73.41741398868754,26
完成时间优先,3,6500,65616.50467838878,65614.14171862273,6511.70546486793,73.41741398868754,26
完成时间优先,3,6600,65616.78575031404,65614.14171862273,6511.70546486793,73.41741398868754,26
完成时间优先,3,6700,65616.07997323098,65614.14171862273,6511.70546486793,73.41741398868754,26
完成时间优先,3,6900,65617.38505614232,65614.14171862273,6511.70546486793,73.41741398868754,26
完成时间优先,3,7000,65119.55464857839,65119.55464857839,6461.927271516565,74.0563866825478,26
完成时间优先,3,7200,65119.89634730927,65117.88640942291,6461.927271516565,73.7227388514513,26
完成时间优先,3,7300,65120.594985230935,65117.88640942291,6461.927271516565,73.7227388514513,26
完成时间优先,3,7400,65119.81817037307,65117.88640942291,6461.927271516565,73.7227388514513,26
完成时间优先,3,7500,65118.8001512372,65117.37880347528,6461.927271516565,73.62121766192554,26
完成时间优先,3,7800,65118.775870677826,65117.28578210775,6461.927271516565,73.60261338841964,26
完成时间优先,3,8000,65054.38011033458,65052.46425269023,6455.387890022364,73.71707049331766,26
完成时间优先,4,300,68245.99938045243,65695.83036349375,6522.900301924575,69.36546884959914,24
完成时间优先,4,700,69936.50101090453,65695.83036349375,6522.900301924575,69.36546884959914,24
完成时间优先,4,800,67250.67362266983,65695.83036349375,6522.900301924575,69.36546884959914,24
完成时间优先,4,900,65888.8505339047,65695.83036349375,6522.900301924575,69.36546884959914,24
完成时间优先,4,1100,65454.01347857738,65368.29918471093,6488.141178451479,72.37748003922815,25
完成时间优先,4,1200,65370.54428819777,65368.29918471093,6488.141178451479,72.37748003922815,25
完成时间优先,4,1400,65193.66803404613,65191.78676033509,6470.480649299858,72.39605346730272,25
完成时间优先,4,1500,65192.7388039609,65191.78676033509,6470.480649299858,72.39605346730272,25
完成时间优先,4,1600,65467.46208100838,65190.9283034593,6470.480649299858,72.22436209214565,25
完成时间优先,4,1700,65450.08294758781,65190.9283034593,6470.480649299858,72.22436209214565,25
完成时间优先,4,1900,65260.76346218928,65190.9283034593,6470.480649299858,72.22436209214565,25
完成时间优先,4,2000,65450.97183236931,65190.9283034593,6470.480649299858,72.22436209214565,25
完成时间优先,4,2100,65257.83171725492,65190.9283034593,6470.480649299858,72.22436209214565,25
完成时间优先,4,2200,65457.774374400164,65190.9283034593,6470.480649299858,72.22436209214565,25
完成时间优先,4,2300,65267.42954672669,65190.9283034593,6470.480649299858,72.22436209214565,25
完成时间优先,4,2400,65778.5593398249,65190.9283034593,6470.480649299858,72.22436209214565,25
完成时间优先,4,2500,65178.14515057733,65178.14515057733,6470.480649299858,69.66773151575093,25
完成时间优先,4,2800,65165.51500560361,65165.41906691302,6470.480649299858,68.12251478288881,24
完成时间优先,4,3100,65166.00422625617,65164.09155226924,6470.480649299858,67.85701185413222,24
完成时间优先,4,3200,65164.86753864841,65164.09155226924,6470.480649299858,67.85701185413222,24
完成时间优先,4,3400,65164.74600749145,65164.09155226924,6470.480649299858,67.85701185413222,24
完成时间优先,4,3500,65176.50846389097,65163.70745944062,6470.480649299858,67.78019328840963,24
完成时间优先,4,3600,65175.560791893506,65163.70745944062,6470.480649299858,67.78019328840963,24
完成时间优先,4,3800,65178.932028191186,65163.70745944062,6470.480649299858,67.78019328840963,24
完成时间优先,4,3900,65179.033476447985,65163.70745944062,6470.480649299858,67.78019328840963,24
完成时间优先,4,4000,65176.91306942845,65163.70745944062,6470.480649299858,67.78019328840963,24
完成时间优先,4,4100,65178.375509323356,65163.70745944062,6470.480649299858,67.78019328840963,24
完成时间优先,4,4200,65176.15928452579,65163.70745944062,6470.480649299858,67.78019328840963,24
完成时间优先,4,4400,65177.37760113184,65163.70745944062,6470.480649299858,67.78019328840963,24
完成时间优先,4,4500,65177.37749196843,65163.70745944062,6470.480649299858,67.78019328840963,24
完成时间优先,4,4600,65177.658563893696,65163.70745944062,6470.480649299858,67.78019328840963,24
完成时间优先,4,4700,65178.50410441729,65163.70745944062,6470.480649299858,67.78019328840963,24
完成时间优先,4,4800,65177.82214169489,65163.70745944062,6470.480649299858,67.78019328840963,24
完成时间优先,4,4900,65176.973046920066,65163.70745944062,6470.480649299858,67.78019328840963,24
完成时间优先,4,5000,65176.91687200492,65163.70745944062,6470.480649299858,67.78019328840963,24
完成时间优先,4,5100,65176.91317859185,65163.70745944062,6470.480649299858,67.78019328840963,24
完成时间优先,4,5200,65176.077510181785,65163.70745944062,6470.480649299858,67.78019328840963,24
完成时间优先,4,5300,65178.20101522499,65163.70745944062,6470.480649299858,67.78019328840963,24
完成时间优先,4,5400,65177.978606154444,65163.70745944062,6470.480649299858,67.78019328840963,24
完成时间优先,4,5700,65178.375400159945,65163.70745944062,6470.480649299858,67.78019328840963,24
完成时间优先,4,5800,65177.81844828182,65163.70745944062,6470.480649299858,67.78019328840963,24
完成时间优先,4,6100,65176.85199370558,65163.70745944062,6470.480649299858,67.78019328840963,24
完成时间优先,4,6200,64596.05726473466,64595.7048300915,6410.480649299858,72.1796674185836,26
完成时间优先,4,6700,64594.032180881804,64593.74735059644,6410.480649299858,71.7881715195719,26
完成时间优先,4,7000,64582.78469982268,64579.63096935719,6410.480649299858,69.96489527172167,25
完成时间优先,4,7100,64583.17406341773,64579.63096935719,6410.480649299858,69.96489527172167,25
完成时间优先,4,7200,64581.674890068796,64579.63096935719,6410.480649299858,69.96489527172167,25
完成时间优先,4,7400,64581.80242609733,64579.63096935719,6410.480649299858,69.96489527172167,25
完成时间优先,4,7500,64581.80242609733,64579.63096935719,6410.480649299858,69.96489527172167,25
完成时间优先,4,7600,64582.47580268355,64579.63096935719,6410.480649299858,69.96489527172167,25
完成时间优先,4,7900,64581.25841011023,64579.63096935719,6410.480649299858,69.96489527172167,25
均衡,0,200,36764.00237760354,33946.945569689226,6539.12979236453,68.35938592441566,23
均衡,0,300,38559.37709375148,33946.945569689226,6539.12979236453,68.35938592441566,23
均衡,0,400,37749.663533809944,33946.945569689226,6539.12979236453,68.35938592441566,23
均衡,0,500,37481.5342555244,33946.945569689226,6539.12979236453,68.35938592441566,23
均衡,0,600,37158.05459404028,33946.945569689226,6539.12979236453,68.35938592441566,23
均衡,0,700,37319.619501981215,33946.945569689226,6539.12979236453,68.35938592441566,23
均衡,0,800,36997.09415887523,33946.945569689226,6539.12979236453,68.35938592441566,23
均衡,0,900,37440.08887253291,33946.945569689226,6539.12979236453,68.35938592441566,23
均衡,0,1000,35853.07432953489,33946.945569689226,6539.12979236453,68.35938592441566,23
均衡,0,1100,35927.45640847576,33946.945569689226,6539.12979236453,68.35938592441566,23
均衡,0,1200,35922.37679475536,33946.945569689226,6539.12979236453,68.35938592441566,23
均衡,0,1500,34995.700646953985,33946.945569689226,6539.12979236453,68.35938592441566,23
均衡,0,1800,34909.187041542624,33946.945569689226,6539.12979236453,68.35938592441566,23
均衡,0,2100,34878.75029603512,33946.945569689226,6539.12979236453,68.35938592441566,23
均衡,0,2300,34740.10465422366,33946.945569689226,6539.12979236453,68.35938592441566,23
均衡,0,2500,34749.67674417676,33946.945569689226,6539.12979236453,68.35938592441566,23
均衡,0,2600,34811.30101561526,33946.945569689226,6539.12979236453,68.35938592441566,23
均衡,0,2700,34750.243283551565,33946.945569689226,6539.12979236453,68.35938592441566,23
均衡,0,2800,34704.2145597261,33946.945569689226,6539.12979236453,68.35938592441566,23
均衡,0,2900,34653.13343741473,33946.945569689226,6539.12979236453,68.35938592441566,23
均衡,0,3000,34687.35024420992,33946.945569689226,6539.12979236453,68.35938592441566,23
均衡,0,3100,34683.620742236926,33946.945569689226,6539.12979236453,68.35938592441566,23
均衡,0,3400,33641.26804359075,33637.11486829841,7669.291857516675,65.55941003593914,21
均衡,0,3600,33589.66002883785,33589.66002883785,7669.291857516675,65.40122723773723,21
均衡,0,3800,33600.60781007812,33589.66002883785,7669.291857516675,65.40122723773723,21
均衡,0,3900,33627.80490056194,33553.66866540292,7626.505888133808,65.42387592423036,21
均衡,0,4200,33649.72130573694,33553.66866540292,7626.505888133808,65.42387592423036,21
均衡,0,4300,33648.52234786164,33553.66866540292,7626.505888133808,65.42387592423036,21
均衡,0,4400,33681.78244263977,33553.66866540292,7626.505888133808,65.42387592423036,21
均衡,0,4600,33609.741627170464,33553.66866540292,7626.505888133808,65.42387592423036,21
均衡,0,4700,33609.741627170464,33553.66866540292,7626.505888133808,65.42387592423036,21
均衡,0,4800,33620.102659938246,33553.66866540292,7626.505888133808,65.42387592423036,21
均衡,0,5100,33644.369172569306,33553.66866540292,7626.505888133808,65.42387592423036,21
均衡,0,5200,33645.5681304446,33553.66866540292,7626.505888133808,65.42387592423036,21
均衡,0,5400,33606.78740975342,33553.66866540292,7626.505888133808,65.42387592423036,21
均衡,0,5500,33610.34647794491,33553.66866540292,7626.505888133808,65.42387592423036,21
均衡,0,5600,33606.19330265258,33553.66866540292,7626.505888133808,65.42387592423036,21
均衡,0,5700,33606.19330265258,33553.66866540292,7626.505888133808,65.42387592423036,21
均衡,0,5800,33610.34647794491,33553.66866540292,7626.505888133808,65.42387592423036,21
均衡,0,6000,33591.01470430428,33553.66866540292,7626.505888133808,65.42387592423036,21
均衡,0,6100,33593.522031843655,33553.66866540292,7626.505888133808,65.42387592423036,21
均衡,0,6200,33591.88825879263,33553.66866540292,7626.505888133808,65.42387592423036,21
均衡,0,6400,33593.522031843655,33553.66866540292,7626.505888133808,65.42387592423036,21
均衡,0,6600,33593.522031843655,33553.66866540292,7626.505888133808,65.42387592423036,21
均衡,0,6700,33595.16787959662,33553.66866540292,7626.505888133808,65.42387592423036,21
均衡,0,6800,33595.16787959662,33553.66866540292,7626.505888133808,65.42387592423036,21
均衡,0,6900,33591.01470430428,33553.66866540292,7626.505888133808,65.42387592423036,21
均衡,0,7100,33591.01470430428,33553.66866540292,7626.505888133808,65.42387592423036,21
均衡,0,7200,33592.64847735532,33553.66866540292,7626.505888133808,65.42387592423036,21
均衡,0,7300,33591.01470430428,33553.66866540292,7626.505888133808,65.42387592423036,21
均衡,0,7400,33591.01470430428,33553.66866540292,7626.505888133808,65.42387592423036,21
均衡,0,7500,33592.64847735532,33553.66866540292,7626.505888133808,65.42387592423036,21
均衡,0,7600,33592.64847735532,33553.66866540292,7626.505888133808,65.42387592423036,21
均衡,0,7700,33591.01470430428,33553.66866540292,7626.505888133808,65.42387592423036,21
均衡,0,7900,33591.01470430428,33553.66866540292,7626.505888133808,65.42387592423036,21
均衡,1,600,35433.14396207951,33932.34985230031,6522.900301924575,68.36483183458577,23
均衡,1,700,35526.66990387983,33932.34985230031,6522.900301924575,68.36483183458577,23
均衡,1,800,35633.08448037183,33932.34985230031,6522.900301924575,68.36483183458577,23
均衡,1,900,35558.16785899226,33932.34985230031,6522.900301924575,68.36483183458577,23
均衡,1,1000,35028.29143734713,33932.34985230031,6522.900301924575,68.36483183458577,23
均衡,1,1100,35075.38325422992,33932.34985230031,6522.900301924575,68.36483183458577,23
均衡,1,1200,34334.74205745653,33932.34985230031,6522.900301924575,68.36483183458577,23
均衡,1,1500,34158.24683734647,33932.34985230031,6522.900301924575,68.36483183458577,23
均衡,1,1700,34067.79393002245,33932.34985230031,6522.900301924575,68.36483183458577,23
均衡,1,1800,34394.55149111407,33932.34985230031,6522.900301924575,68.36483183458577,23
均衡,1,1900,34375.05011206879,33932.34985230031,6522.900301924575,68.36483183458577,23
均衡,1,2200,34249.17109566758,33916.70812876412,6990.245981218575,66.75487382515182,23
均衡,1,2600,33955.60946003048,33896.88848126957,7003.8318882611,66.6435219766949,23
均衡,1,2700,33959.739763649275,33896.88848126957,7003.8318882611,66.6435219766949,23
均衡,1,2800,33952.965635099434,33896.88848126957,7003.8318882611,66.6435219766949,23
均衡,1,3200,33941.55275013742,33859.332898691006,6981.135759988337,66.59399046234223,23
均衡,1,3400,33957.165460903794,33859.332898691006,6981.135759988337,66.59399046234223,23
均衡,1,3700,33977.61103795289,33859.332898691006,6981.135759988337,66.59399046234223,23
均衡,1,3800,33888.91762261666,33859.332898691006,6981.135759988337,66.59399046234223,23
均衡,1,4400,33895.53139080267,33859.332898691006,6981.135759988337,66.59399046234223,23
均衡,1,4500,33898.671950508135,33859.332898691006,6981.135759988337,66.59399046234223,23
均衡,1,4600,33877.654459699625,33859.332898691006,6981.135759988337,66.59399046234223,23
均衡,1,4900,33838.46574387961,33838.46574387961,6945.40915087114,66.6435219766949,23
均衡,1,5000,33864.81434754748,33838.46574387961,6945.40915087114,66.6435219766949,23
均衡,1,5100,33836.73236054361,33827.248072391914,6945.40915087114,66.60612973840257,23
均衡,1,5300,33831.40124768425,33827.248072391914,6945.40915087114,66.60612973840257,23
均衡,1,5500,33831.40124768425,33827.248072391914,6945.40915087114,66.60612973840257,23
均衡,1,5600,33836.73236054361,33827.248072391914,6945.40915087114,66.60612973840257,23
均衡,1,5900,33858.085516244064,33827.248072391914,6945.40915087114,66.60612973840257,23
均衡,1,6000,33834.90766033744,33827.248072391914,6945.40915087114,66.60612973840257,23
均衡,1,6100,33825.423372185745,33825.423372185745,6945.40915087114,66.60004740438202,23
均衡,1,6200,33825.423372185745,33825.423372185745,6945.40915087114,66.60004740438202,23
均衡,1,6300,33834.90766033744,33825.423372185745,6945.40915087114,66.60004740438202,23
均衡,1,6500,33825.423372185745,33825.423372185745,6945.40915087114,66.60004740438202,23
均衡,1,6600,33825.423372185745,33825.423372185745,6945.40915087114,66.60004740438202,23
均衡,1,6800,33830.75448504511,33825.423372185745,6945.40915087114,66.60004740438202,23
均衡,1,6900,33825.423372185745,33825.423372185745,6945.40915087114,66.60004740438202,23
均衡,1,7000,33825.423372185745,33825.423372185745,6945.40915087114,66.60004740438202,23
均衡,1,7200,33831.40124768425,33825.423372185745,6945.40915087114,66.60004740438202,23
均衡,1,7500,33827.248072391914,33825.423372185745,6945.40915087114,66.60004740438202,23
均衡,1,7600,33827.248072391914,33825.423372185745,6945.40915087114,66.60004740438202,23
均衡,1,7900,33825.423372185745,33825.423372185745,6945.40915087114,66.60004740438202,23
均衡,1,8000,33825.423372185745,33825.423372185745,6945.40915087114,66.60004740438202,23
均衡,2,100,34991.09553267581,33946.945569689226,6539.12979236453,68.35938592441566,23
均衡,2,400,35457.057291229525,33946.945569689226,6539.12979236453,68.35938592441566,23
均衡,2,500,34451.67348002654,33946.945569689226,6539.12979236453,68.35938592441566,23
均衡,2,600,33544.162855448805,33544.162855448805,7587.894550954208,65.52089434831532,21
均衡,2,800,33638.419616743005,33364.56894528208,7587.894550954202,64.92224798109291,21
均衡,2,1100,32749.96119129744,32653.077410367303,7587.894550954208,63.55060953137697,20
均衡,2,1400,32856.95998751914,32653.077410367303,7587.894550954208,63.55060953137697,20
均衡,2,1500,32887.63370797824,32653.077410367303,7587.894550954208,63.55060953137697,20
均衡,2,1700,32787.67179821601,32653.077410367303,7587.894550954208,63.55060953137697,20
均衡,2,1800,32899.61573444265,32653.077410367303,7587.894550954208,63.55060953137697,20
均衡,2,1900,32984.89660015775,32653.077410367303,7587.894550954208,63.55060953137697,20
均衡,2,2000,32888.10470955159,32653.077410367303,7587.894550954208,63.55060953137697,20
均衡,2,2100,32888.10470955159,32653.077410367303,7587.894550954208,63.55060953137697,20
均衡,2,2400,32967.84498353061,32653.077410367303,7587.894550954208,63.55060953137697,20
均衡,2,2700,32806.969285129024,32653.077410367303,7587.894550954208,63.55060953137697,20
均衡,2,2800,32824.020901756165,32653.077410367303,7587.894550954208,63.55060953137697,20
均衡,2,2900,32756.489442339473,32653.077410367303,7587.894550954208,63.55060953137697,20
均衡,2,3200,32801.743316785854,32653.077410367303,7587.894550954208,63.55060953137697,20
均衡,2,3300,32770.62018158887,32653.077410367303,7587.894550954208,63.55060953137697,20
均衡,2,3500,32784.0679250532,32653.077410367303,7587.894550954208,63.55060953137697,20
均衡,2,3700,32668.973216381622,32653.077410367303,7587.894550954208,63.55060953137697,20
均衡,2,3800,32668.973216381622,32653.077410367303,7587.894550954208,63.55060953137697,20
均衡,2,4100,32720.9525589299,32653.077410367303,7587.894550954208,63.55060953137697,20
均衡,2,4200,32720.9525589299,32653.077410367303,7587.894550954208,63.55060953137697,20
均衡,2,4300,32765.07958985278,32653.077410367303,7587.894550954208,63.55060953137697,20
均衡,2,4500,32767.016308426057,32653.077410367303,7587.894550954208,63.55060953137697,20
均衡,2,4600,32767.016308426057,32653.077410367303,7587.894550954208,63.55060953137697,20
均衡,2,5000,32698.619983399643,32653.077410367303,7587.894550954208,63.55060953137697,20
均衡,2,5100,32710.1310082907,32653.077410367303,7587.894550954208,63.55060953137697,20
均衡,2,5300,32693.07939166356,32653.077410367303,7587.894550954208,63.55060953137697,20
均衡,2,5400,32715.671600026784,32653.077410367303,7587.894550954208,63.55060953137697,20
均衡,2,5500,32693.07939166356,32653.077410367303,7587.894550954208,63.55060953137697,20
均衡,2,5600,32693.07939166356,32653.077410367303,7587.894550954208,63.55060953137697,20
均衡,2,5700,32693.07939166356,32653.077410367303,7587.894550954208,63.55060953137697,20
均衡,2,5800,32631.818720031762,32631.818720031762,7562.2808445296505,63.5651262516737,20
均衡,2,5900,32631.818720031762,32631.818720031762,7562.2808445296505,63.5651262516737,20
均衡,2,6000,32631.818720031762,32631.818720031762,7562.2808445296505,63.5651262516737,20
均衡,2,6300,32631.818720031762,32631.818720031762,7562.2808445296505,63.5651262516737,20
均衡,2,6500,32631.818720031762,32631.818720031762,7562.2808445296505,63.5651262516737,20
均衡,2,6600,32631.818720031762,32631.818720031762,7562.2808445296505,63.5651262516737,20
均衡,2,6700,32631.818720031762,32631.818720031762,7562.2808445296505,63.5651262516737,20
均衡,2,6900,32631.818720031762,32631.818720031762,7562.2808445296505,63.5651262516737,20
均衡,2,7000,32631.818720031762,32631.818720031762,7562.2808445296505,63.5651262516737,20
均衡,2,7200,32631.818720031762,32631.818720031762,7562.2808445296505,63.5651262516737,20
均衡,2,7500,32631.818720031762,32631.818720031762,7562.2808445296505,63.5651262516737,20
均衡,2,7600,32637.359311767847,32631.818720031762,7562.2808445296505,63.5651262516737,20
均衡,2,7700,32631.818720031762,32631.818720031762,7562.2808445296505,63.5651262516737,20
均衡,2,7800,32631.818720031762,32631.818720031762,7562.2808445296505,63.5651262516737,20
均衡,2,7900,32631.818720031762,32631.818720031762,7562.2808445296505,63.5651262516737,20
均衡,2,8000,32631.818720031762,32631.818720031762,7562.2808445296505,63.5651262516737,20
均衡,3,100,34431.31642771736,33934.86105370353,6522.900301924575,68.37320250592983,23
均衡,3,200,35774.21746673265,33934.86105370353,6522.900301924575,68.37320250592983,23
均衡,3,500,36759.26263583293,33934.86105370353,6522.900301924575,68.37320250592983,23
均衡,3,600,37018.896315952996,33934.86105370353,6522.900301924575,68.37320250592983,23
均衡,3,700,36532.818542899644,33934.86105370353,6522.900301924575,68.37320250592983,23
均衡,3,800,36712.67402372371,33934.86105370353,6522.900301924575,68.37320250592983,23
均衡,3,1000,36950.99611712262,33934.86105370353,6522.900301924575,68.37320250592983,23
均衡,3,1600,36224.80877166956,33934.86105370353,6522.900301924575,68.37320250592983,23
均衡,3,1700,35788.95158366395,33934.86105370353,6522.900301924575,68.37320250592983,23
均衡,3,1800,35573.42338617639,33934.86105370353,6522.900301924575,68.37320250592983,23
均衡,3,1900,35434.941086123195,33934.86105370353,6522.900301924575,68.37320250592983,23
均衡,3,2000,35458.354857904174,33934.86105370353,6522.900301924575,68.37320250592983,23
均衡,3,2100,35300.67004303659,33934.86105370353,6522.900301924575,68.37320250592983,23
均衡,3,2200,35245.038129125525,33934.86105370353,6522.900301924575,68.37320250592983,23
均衡,3,2300,35293.08659009912,33934.86105370353,6522.900301924575,68.37320250592983,23
均衡,3,2700,35238.14764771537,33934.86105370353,6522.900301924575,68.37320250592983,23
均衡,3,2800,35217.13015690686,33934.86105370353,6522.900301924575,68.37320250592983,23
均衡,3,2900,35158.40282320679,33934.86105370353,6522.900301924575,68.37320250592983,23
均衡,3,3000,35245.78864425321,33934.86105370353,6522.900301924575,68.37320250592983,23
均衡,3,3100,34991.40210081222,33934.86105370353,6522.900301924575,68.37320250592983,23
均衡,3,3200,35077.621997919094,33934.86105370353,6522.900301924575,68.37320250592983,23
均衡,3,3300,34086.291731422534,33934.86105370353,6522.900301924575,68.37320250592983,23
均衡,3,3400,33978.626356711495,33934.86105370353,6522.900301924575,68.37320250592983,23
均衡,3,3700,34023.57004907196,33934.86105370353,6522.900301924575,68.37320250592983,23
均衡,3,3900,34011.50825578108,33934.86105370353,6522.900301924575,68.37320250592983,23
均衡,3,4100,33974.473181419155,33934.86105370353,6522.900301924575,68.37320250592983,23
均衡,3,4400,33974.473181419155,33934.86105370353,6522.900301924575,68.37320250592983,23
均衡,3,4700,33925.939626365085,33892.121145226345,7323.894550954208,66.56075531424045,22
均衡,3,4800,33921.786451072745,33892.121145226345,7323.894550954208,66.56075531424045,22
均衡,3,4900,33887.967969934005,33887.967969934005,7323.894550954208,66.54691139659933,22
均衡,3,5100,33858.316945083374,33854.16376979104,7323.894550954208,66.43423072945612,22
均衡,3,5200,33854.16376979104,33854.16376979104,7323.894550954208,66.43423072945612,22
均衡,3,5300,33854.16376979104,33854.16376979104,7323.894550954208,66.43423072945612,22
均衡,3,5400,33854.16376979104,33854.16376979104,7323.894550954208,66.43423072945612,22
均衡,3,5700,33854.16376979104,33854.16376979104,7323.894550954208,66.43423072945612,22
均衡,3,5800,33858.316945083374,33854.16376979104,7323.894550954208,66.43423072945612,22
均衡,3,5900,33854.16376979104,33854.16376979104,7323.894550954208,66.43423072945612,22
均衡,3,6100,33854.16376979104,33854.16376979104,7323.894550954208,66.43423072945612,22
均衡,3,6300,33854.16376979104,33854.16376979104,7323.894550954208,66.43423072945612,22
均衡,3,6500,33858.316945083374,33854.16376979104,7323.894550954208,66.43423072945612,22
均衡,3,6900,33854.16376979104,33854.16376979104,7323.894550954208,66.43423072945612,22
均衡,3,7000,33854.16376979104,33854.16376979104,7323.894550954208,66.43423072945612,22
均衡,3,7100,33854.16376979104,33854.16376979104,7323.894550954208,66.43423072945612,22
均衡,3,7400,33854.16376979104,33854.16376979104,7323.894550954208,66.43423072945612,22
均衡,3,7500,33854.16376979104,33854.16376979104,7323.894550954208,66.43423072945612,22
均衡,3,7600,33854.16376979104,33854.16376979104,7323.894550954208,66.43423072945612,22
均衡,3,7700,33854.16376979104,33854.16376979104,7323.894550954208,66.43423072945612,22
均衡,3,7800,33854.16376979104,33854.16376979104,7323.894550954208,66.43423072945612,22
均衡,3,7900,33854.16376979104,33854.16376979104,7323.894550954208,66.43423072945612,22
均衡,4,200,34249.24657256843,33946.945569689226,6539.12979236453,68.35938592441566,23
均衡,4,900,35107.65933192555,33946.945569689226,6539.12979236453,68.35938592441566,23
均衡,4,1500,35372.54891598925,33946.945569689226,6539.12979236453,68.35938592441566,23
均衡,4,1600,34834.08099173645,33946.945569689226,6539.12979236453,68.35938592441566,23
均衡,4,1800,34932.88707458286,33946.945569689226,6539.12979236453,68.35938592441566,23
均衡,4,1900,35172.24664193933,33946.945569689226,6539.12979236453,68.35938592441566,23
均衡,4,2000,35155.64355881817,33946.945569689226,6539.12979236453,68.35938592441566,23
均衡,4,2100,35196.59898394898,33946.945569689226,6539.12979236453,68.35938592441566,23
均衡,4,2200,35193.10854872589,33946.945569689226,6539.12979236453,68.35938592441566,23
均衡,4,2300,34943.974652617704,33946.945569689226,6539.12979236453,68.35938592441566,23
均衡,4,2400,34876.58986200583,33946.945569689226,6539.12979236453,68.35938592441566,23
均衡,4,2600,34957.389959087435,33946.945569689226,6539.12979236453,68.35938592441566,23
均衡,4,3200,34654.55040867089,33946.945569689226,6539.12979236453,68.35938592441566,23
均衡,4,3300,34642.41560867432,33946.945569689226,6539.12979236453,68.35938592441566,23
均衡,4,3400,34671.04685482863,33946.945569689226,6539.12979236453,68.35938592441566,23
均衡,4,3700,34628.11432565648,33946.945569689226,6539.12979236453,68.35938592441566,23
均衡,4,3800,34600.38573838335,33946.945569689226,6539.12979236453,68.35938592441566,23
均衡,4,4100,34679.73577439974,33946.945569689226,6539.12979236453,68.35938592441566,23
均衡,4,4300,34554.22956260949,33946.945569689226,6539.12979236453,68.35938592441566,23
均衡,4,4500,34548.13966874388,33946.945569689226,6539.12979236453,68.35938592441566,23
均衡,4,4600,34552.292844036216,33946.945569689226,6539.12979236453,68.35938592441566,23
均衡,4,4900,34562.211187313726,33946.945569689226,6539.12979236453,68.35938592441566,23
均衡,4,5000,34554.22956260949,33946.945569689226,6539.12979236453,68.35938592441566,23
均衡,4,5100,34529.58845357015,33946.945569689226,6539.12979236453,68.35938592441566,23
均衡,4,5200,34527.65173499687,33946.945569689226,6539.12979236453,68.35938592441566,23
均衡,4,5400,34527.65173499687,33946.945569689226,6539.12979236453,68.35938592441566,23
均衡,4,5700,34561.80120196269,33946.945569689226,6539.12979236453,68.35938592441566,23
均衡,4,5900,34527.65173499687,33946.945569689226,6539.12979236453,68.35938592441566,23
均衡,4,6100,34529.58845357015,33946.945569689226,6539.12979236453,68.35938592441566,23
均衡,4,6300,34527.65173499687,33946.945569689226,6539.12979236453,68.35938592441566,23
均衡,4,6500,34529.58845357015,33946.945569689226,6539.12979236453,68.35938592441566,23
均衡,4,6700,34529.58845357015,33946.945569689226,6539.12979236453,68.35938592441566,23
均衡,4,6800,34529.58845357015,33946.945569689226,6539.12979236453,68.35938592441566,23
均衡,4,6900,34529.58845357015,33946.945569689226,6539.12979236453,68.35938592441566,23
均衡,4,7000,34533.74162886248,33946.945569689226,6539.12979236453,68.35938592441566,23
均衡,4,7200,34529.58845357015,33946.945569689226,6539.12979236453,68.35938592441566,23
均衡,4,7300,34529.58845357015,33946.945569689226,6539.12979236453,68.35938592441566,23
均衡,4,7400,34529.58845357015,33946.945569689226,6539.12979236453,68.35938592441566,23
均衡,4,7500,34529.58845357015,33946.945569689226,6539.12979236453,68.35938592441566,23
均衡,4,7700,34529.58845357015,33946.945569689226,6539.12979236453,68.35938592441566,23
均衡,4,7800,34529.58845357015,33946.945569689226,6539.12979236453,68.35938592441566,23
均衡,4,7900,34529.58845357015,33946.945569689226,6539.12979236453,68.35938592441566,23
均衡,4,8000,34527.65173499687,33946.945569689226,6539.12979236453,68.35938592441566,23
能耗优先,0,100,73150.53748479641,71967.21188288857,6539.12979236453,68.35938592441566,23
能耗优先,0,200,73400.62806178922,71967.21188288857,6539.12979236453,68.35938592441566,23
能耗优先,0,300,74816.9790288013,71967.21188288857,6539.12979236453,68.35938592441566,23
能耗优先,0,500,78026.71641774905,71967.21188288857,6539.12979236453,68.35938592441566,23
能耗优先,0,600,77614.37517279167,71967.21188288857,6539.12979236453,68.35938592441566,23
能耗优先,0,800,76465.30391699716,71967.21188288857,6539.12979236453,68.35938592441566,23
能耗优先,0,1000,76309.34094294919,71967.21188288857,6539.12979236453,68.35938592441566,23
能耗优先,0,1100,76598.16488530379,71967.21188288857,6539.12979236453,68.35938592441566,23
能耗优先,0,1200,74983.21283027844,71967.21188288857,6539.12979236453,68.35938592441566,23
能耗优先,0,1300,74507.03295067082,71967.21188288857,6539.12979236453,68.35938592441566,23
能耗优先,0,1400,74627.00061611224,71967.21188288857,6539.12979236453,68.35938592441566,23
能耗优先,0,1500,71764.87715722689,71270.55628271025,9348.601678234281,67.1008359470634,23
能耗优先,0,1600,71601.39785716985,71270.55628271025,9348.601678234281,67.1008359470634,23
能耗优先,0,1800,71369.18707460137,71270.55628271025,9348.601678234281,67.1008359470634,23
能耗优先,0,1900,71218.64541651761,71218.64541651761,9369.100575474124,67.04482530142278,23
能耗优先,0,2200,71737.90616564004,71218.64541651761,9369.100575474124,67.04482530142278,23
能耗优先,0,2900,71199.38040798075,70977.94198573577,10261.203406740971,66.62570130438758,23
能耗优先,0,3000,71236.94442860734,70851.69389563025,9679.412861747871,66.61581132328068,23
能耗优先,0,3100,70932.08675615645,70851.69389563025,9679.412861747871,66.61581132328068,23
能耗优先,0,3300,70977.72082425344,70834.58623728025,9620.720993905828,66.61044203849909,23
能耗优先,0,3500,70983.59835567651,70834.58623728025,9620.720993905828,66.61044203849909,23
能耗优先,0,3600,71008.95082524612,70834.58623728025,9620.720993905828,66.61044203849909,23
能耗优先,0,3800,70995.33672924493,70834.58623728025,9620.720993905828,66.61044203849909,23
能耗优先,0,3900,70912.59442160926,70834.58623728025,9620.720993905828,66.61044203849909,23
能耗优先,0,4000,70823.77673073781,70813.5790079552,9961.751915514264,66.52122862485234,23
能耗优先,0,4100,70827.17922323426,70813.5790079552,9961.751915514264,66.52122862485234,23
能耗优先,0,4200,70902.37582206696,70799.39097463734,9959.920698733124,66.50740683489072,23
能耗优先,0,4400,70720.36861101731,70720.36861101731,9564.808880632965,66.50740683489072,23
能耗优先,0,4500,70724.80645894083,70712.37478569752,9524.83975403407,66.50740683489072,23
能耗优先,0,4600,70724.11315926594,70705.91905711994,9524.83975403407,66.50095110631314,23
能耗优先,0,4900,70629.07852883432,70629.07852883432,9484.651955439957,66.43214813774632,23
能耗优先,0,5000,70664.54699439186,70629.07852883432,9484.651955439957,66.43214813774632,23
能耗优先,0,5100,70631.90184302603,70629.07852883432,9484.651955439957,66.43214813774632,23
能耗优先,0,5200,70599.54322121259,70587.11154796927,9274.817051114745,66.43214813774632,23
能耗优先,0,5300,70617.1420742579,70587.11154796927,9274.817051114745,66.43214813774632,23
能耗优先,0,5400,70651.15674959228,70587.11154796927,9274.817051114745,66.43214813774632,23
能耗优先,0,5600,70649.97586283761,70587.11154796927,9274.817051114745,66.43214813774632,23
能耗优先,0,6000,70616.18151843126,70587.11154796927,9274.817051114745,66.43214813774632,23
能耗优先,0,6100,70602.33107958498,70587.11154796927,9274.817051114745,66.43214813774632,23
能耗优先,0,6200,70610.20557376552,70587.11154796927,9274.817051114745,66.43214813774632,23
能耗优先,0,6300,70608.78680816256,70587.11154796927,9274.817051114745,66.43214813774632,23
能耗优先,0,6400,70626.06945315338,70587.11154796927,9274.817051114745,66.43214813774632,23
能耗优先,0,6500,70610.59829628955,70587.11154796927,9274.817051114745,66.43214813774632,23
能耗优先,0,6600,70604.14256771197,70587.11154796927,9274.817051114745,66.43214813774632,23
能耗优先,0,6700,70604.14256771197,70587.11154796927,9274.817051114745,66.43214813774632,23
能耗优先,0,6800,70604.14256771197,70587.11154796927,9274.817051114745,66.43214813774632,23
能耗优先,0,6900,70603.11588336072,70587.11154796927,9274.817051114745,66.43214813774632,23
能耗优先,0,7000,70604.00053690684,70587.11154796927,9274.817051114745,66.43214813774632,23
能耗优先,0,7100,70585.80643476086,70585.80643476086,9270.097608986352,66.43178691296359,23
能耗优先,0,7200,70585.80643476086,70585.80643476086,9270.097608986352,66.43178691296359,23
能耗优先,0,7300,70587.22520036383,70585.80643476086,9270.097608986352,66.43178691296359,23
能耗优先,0,7400,70585.80643476086,70585.80643476086,9270.097608986352,66.43178691296359,23
能耗优先,0,7500,70585.80643476086,70585.80643476086,9270.097608986352,66.43178691296359,23
能耗优先,0,7900,70585.80643476086,70585.80643476086,9270.097608986352,66.43178691296359,23
能耗优先,0,8000,70585.80643476086,70585.80643476086,9270.097608986352,66.43178691296359,23
能耗优先,1,300,72900.72718846143,71967.21188288857,6539.12979236453,68.35938592441566,23
能耗优先,1,400,77607.3860019594,71967.21188288857,6539.12979236453,68.35938592441566,23
能耗优先,1,600,73132.41418089434,71967.21188288857,6539.12979236453,68.35938592441566,23
能耗优先,1,900,72772.3711702443,70941.00771444624,8118.276770902705,67.01735236026569,23
能耗优先,1,1000,72467.71869006495,70941.00771444624,8118.276770902705,67.01735236026569,23
能耗优先,1,1400,71978.14412788555,70941.00771444624,8118.276770902705,67.01735236026569,23
能耗优先,1,1600,71559.48578471651,70941.00771444624,8118.276770902705,67.01735236026569,23
能耗优先,1,1800,69933.31787816047,69825.25915667947,8437.031527084582,65.83785285126255,23
能耗优先,1,1900,70023.92686449384,69825.25915667947,8437.031527084582,65.83785285126255,23
能耗优先,1,2000,69917.92345016007,69825.25915667947,8437.031527084582,65.83785285126255,23
能耗优先,1,2200,69902.56790511576,69825.25915667947,8437.031527084582,65.83785285126255,23
能耗优先,1,2300,69923.93849309183,69825.25915667947,8437.031527084582,65.83785285126255,23
能耗优先,1,2400,70103.73802239227,69825.25915667947,8437.031527084582,65.83785285126255,23
能耗优先,1,2600,69965.062238274,69825.25915667947,8437.031527084582,65.83785285126255,23
能耗优先,1,2700,70130.04435267842,69825.25915667947,8437.031527084582,65.83785285126255,23
能耗优先,1,2900,70122.94539305066,69825.25915667947,8437.031527084582,65.83785285126255,23
能耗优先,1,3100,69870.27952145049,69749.56514746656,8770.462861305965,65.69547257520537,23
能耗优先,1,3300,69801.01713599163,69695.33519046062,8499.31307627623,65.69547257520537,23
能耗优先,1,3400,69822.49114376116,69695.33519046062,8499.31307627623,65.69547257520537,23
能耗优先,1,3500,69799.21193582148,69695.33519046062,8499.31307627623,65.69547257520537,23
能耗优先,1,3700,69846.30499607525,69695.33519046062,8499.31307627623,65.69547257520537,23
能耗优先,1,3800,69754.87823761548,69695.33519046062,8499.31307627623,65.69547257520537,23
能耗优先,1,4000,69651.44473639039,69637.60081874926,8749.56702814841,65.58768741311958,23
能耗优先,1,4500,69603.58314978532,69577.7392321442,8535.820303486596,65.57057517144688,23
能耗优先,1,4600,69657.82964667467,69577.7392321442,8535.820303486596,65.57057517144688,23
能耗优先,1,4700,69595.1710029163,69569.98147686379,8497.031527084582,65.57057517144688,23
能耗优先,1,4900,69445.34013658657,69445.34013658657,8468.664529824875,65.4516072306216,23
能耗优先,1,5100,69493.17743671831,69445.34013658657,8468.664529824875,65.4516072306216,23
能耗优先,1,5200,69447.05109575734,69445.34013658657,8468.664529824875,65.4516072306216,23
能耗优先,1,5400,69474.32073184643,69439.01353603852,8437.031527084582,65.4516072306216,23
能耗优先,1,5500,69467.99413129837,69439.01353603852,8437.031527084582,65.4516072306216,23
能耗优先,1,5600,69476.72009936065,69439.01353603852,8437.031527084582,65.4516072306216,23
能耗优先,1,5700,69455.04843452574,69439.01353603852,8437.031527084582,65.4516072306216,23
能耗优先,1,5800,69465.6279961908,69439.01353603852,8437.031527084582,65.4516072306216,23
能耗优先,1,5900,69451.59789718811,69439.01353603852,8437.031527084582,65.4516072306216,23
能耗优先,1,6100,69457.44780203995,69439.01353603852,8437.031527084582,65.4516072306216,23
能耗优先,1,6200,69459.7395041008,69439.01353603852,8437.031527084582,65.4516072306216,23
能耗优先,1,6300,69453.62962990307,69439.01353603852,8437.031527084582,65.4516072306216,23
能耗优先,1,6400,69453.41290355273,69439.01353603852,8437.031527084582,65.4516072306216,23
能耗优先,1,6500,69363.45944602965,69357.84334912393,8452.124286362076,65.36741849185151,23
能耗优先,1,6900,69363.45944602965,69354.82479726843,8437.031527084582,65.36741849185151,23
能耗优先,1,7000,69362.58255254883,69354.82479726843,8437.031527084582,65.36741849185151,23
能耗优先,1,7100,69356.97223118498,69354.82479726843,8437.031527084582,65.36741849185151,23
能耗优先,1,7300,69356.97223118498,69354.82479726843,8437.031527084582,65.36741849185151,23
能耗优先,1,7500,69356.97223118498,69354.82479726843,8437.031527084582,65.36741849185151,23
能耗优先,1,7600,69365.0097909038,69354.82479726843,8437.031527084582,65.36741849185151,23
能耗优先,1,7700,69362.58255254883,69354.82479726843,8437.031527084582,65.36741849185151,23
能耗优先,1,7800,69356.97223118498,69354.82479726843,8437.031527084582,65.36741849185151,23
能耗优先,1,7900,69356.97223118498,69354.82479726843,8437.031527084582,65.36741849185151,23
能耗优先,1,8000,69356.97223118498,69354.82479726843,8437.031527084582,65.36741849185151,23
能耗优先,2,400,73360.89482694867,71967.21188288857,6539.12979236453,68.35938592441566,23
能耗优先,2,900,73189.56338784401,71967.21188288857,6539.12979236453,68.35938592441566,23
能耗优先,2,1300,74938.32884408154,71967.21188288857,6539.12979236453,68.35938592441566,23
能耗优先,2,1600,73302.78255402273,71967.21188288857,6539.12979236453,68.35938592441566,23
能耗优先,2,1700,73038.1007272162,71967.21188288857,6539.12979236453,68.35938592441566,23
能耗优先,2,2100,73059.33850811687,71967.21188288857,6539.12979236453,68.35938592441566,23
能耗优先,2,2200,72885.36840323728,71967.21188288857,6539.12979236453,68.35938592441566,23
能耗优先,2,2300,73118.7327869593,71967.21188288857,6539.12979236453,68.35938592441566,23
能耗优先,2,2400,71975.9688455183,71773.99577021197,8623.215879481791,67.64935259431562,24
能耗优先,2,2700,70342.15758101741,70342.15758101741,8146.8048764535215,66.4127966057267,23
能耗优先,2,2900,70583.43838720395,70342.15758101741,8146.8048764535215,66.4127966057267,23
能耗优先,2,3000,70160.71281921795,70160.71281921795,7714.545531836629,66.31780371285062,23
能耗优先,2,3100,70257.49357643048,70160.71281921795,7714.545531836629,66.31780371285062,23
能耗优先,2,3500,70136.95592709997,70136.95592709997,7640.99073358581,66.30875778038282,23
能耗优先,2,3600,70151.66688675014,70136.95592709997,7640.99073358581,66.30875778038282,23
能耗优先,2,3700,70190.60590348698,70136.95592709997,7640.99073358581,66.30875778038282,23
能耗优先,2,3800,70157.47324467244,70119.74049557431,7734.357733242516,66.2728689489258,23
能耗优先,2,3900,70138.58951047865,70119.74049557431,7734.357733242516,66.2728689489258,23
能耗优先,2,4000,70051.88292339086,70032.99918919707,7709.158650479166,66.19116745910124,23
能耗优先,2,4200,70304.27989235992,70032.99918919707,7709.158650479166,66.19116745910124,23
能耗优先,2,4300,70359.53946724084,70032.99918919707,7709.158650479166,66.19116745910124,23
能耗优先,2,4400,69927.80525801126,69927.80525801126,7615.454446892294,66.10471436863278,23
能耗优先,2,4500,69947.87665116282,69927.80525801126,7615.454446892294,66.10471436863278,23
能耗优先,2,4700,69976.9796542139,69927.80525801126,7615.454446892294,66.10471436863278,23
能耗优先,2,4800,69962.01551840102,69927.80525801126,7615.454446892294,66.10471436863278,23
能耗优先,2,5000,69628.11407053014,69628.11407053014,7640.99073358581,65.79991592381297,23
能耗优先,2,5100,69628.11407053014,69628.11407053014,7640.99073358581,65.79991592381297,23
能耗优先,2,5200,69623.00681319144,69623.00681319144,7615.454446892294,65.79991592381297,23
能耗优先,2,5300,69623.00681319144,69623.00681319144,7615.454446892294,65.79991592381297,23
能耗优先,2,5400,69623.00681319144,69623.00681319144,7615.454446892294,65.79991592381297,23
能耗优先,2,5600,69623.00681319144,69623.00681319144,7615.454446892294,65.79991592381297,23
能耗优先,2,5700,69623.00681319144,69623.00681319144,7615.454446892294,65.79991592381297,23
能耗优先,2,5800,69623.00681319144,69623.00681319144,7615.454446892294,65.79991592381297,23
能耗优先,2,6000,69623.00681319144,69623.00681319144,7615.454446892294,65.79991592381297,23
能耗优先,2,6200,69629.48925784093,69623.00681319144,7615.454446892294,65.79991592381297,23
能耗优先,2,6300,69629.48925784093,69623.00681319144,7615.454446892294,65.79991592381297,23
能耗优先,2,6400,69628.11407053014,69623.00681319144,7615.454446892294,65.79991592381297,23
能耗优先,2,6500,69628.11407053014,69623.00681319144,7615.454446892294,65.79991592381297,23
能耗优先,2,6600,69628.11407053014,69623.00681319144,7615.454446892294,65.79991592381297,23
能耗优先,2,6700,69626.5853716475,69623.00681319144,7615.454446892294,65.79991592381297,23
能耗优先,2,6800,67036.00645955902,67036.00645955902,7656.159638363681,63.30477453188629,22
能耗优先,2,6900,67036.00645955902,67036.00645955902,7656.159638363681,63.30477453188629,22
能耗优先,2,7000,67036.00645955902,67036.00645955902,7656.159638363681,63.30477453188629,22
能耗优先,2,7300,67036.00645955902,67036.00645955902,7656.159638363681,63.30477453188629,22
能耗优先,2,7400,67036.00645955902,67036.00645955902,7656.159638363681,63.30477453188629,22
能耗优先,2,7500,67036.00645955902,67036.00645955902,7656.159638363681,63.30477453188629,22
能耗优先,2,7600,67036.00645955902,67036.00645955902,7656.159638363681,63.30477453188629,22
能耗优先,2,7700,67036.00645955902,67036.00645955902,7656.159638363681,63.30477453188629,22
能耗优先,2,7800,67036.00645955902,67036.00645955902,7656.159638363681,63.30477453188629,22
能耗优先,2,7900,67027.37501706033,67027.37501706033,7656.159638363681,63.29614308938759,22
能耗优先,2,8000,67027.37501706033,67027.37501706033,7656.159638363681,63.29614308938759,22
能耗优先,3,100,77709.98989336772,71967.21188288857,6539.12979236453,68.35938592441566,23
能耗优先,3,200,77922.93539066946,71967.21188288857,6539.12979236453,68.35938592441566,23
能耗优先,3,300,77732.60745182793,71967.21188288857,6539.12979236453,68.35938592441566,23
能耗优先,3,400,78509.69953913384,71967.21188288857,6539.12979236453,68.35938592441566,23
能耗优先,3,500,82363.66113275141,71967.21188288857,6539.12979236453,68.35938592441566,23
能耗优先,3,600,80918.55490144371,71967.21188288857,6539.12979236453,68.35938592441566,23
能耗优先,3,800,81040.5168781414,71967.21188288857,6539.12979236453,68.35938592441566,23
能耗优先,3,1000,78527.84107508449,71967.21188288857,6539.12979236453,68.35938592441566,23
能耗优先,3,1200,75881.43777866194,71967.21188288857,6539.12979236453,68.35938592441566,23
能耗优先,3,1300,75873.41262450343,71967.21188288857,6539.12979236453,68.35938592441566,23
能耗优先,3,1400,73431.15238788373,71967.21188288857,6539.12979236453,68.35938592441566,23
能耗优先,3,1500,73336.19047277934,71967.21188288857,6539.12979236453,68.35938592441566,23
能耗优先,3,1700,73900.57449799258,71967.21188288857,6539.12979236453,68.35938592441566,23
能耗优先,3,1800,73446.575021607,71967.21188288857,6539.12979236453,68.35938592441566,23
能耗优先,3,1900,73225.51653871774,71967.21188288857,6539.12979236453,68.35938592441566,23
能耗优先,3,2100,73836.13312599841,71967.21188288857,6539.12979236453,68.35938592441566,23
能耗优先,3,2200,73904.92339213139,71967.21188288857,6539.12979236453,68.35938592441566,23
能耗优先,3,2600,73438.67323031147,71967.21188288857,6539.12979236453,68.35938592441566,23
能耗优先,3,2700,73551.03483295377,71967.21188288857,6539.12979236453,68.35938592441566,23
能耗优先,3,3000,72354.4234064478,71967.21188288857,6539.12979236453,68.35938592441566,23
能耗优先,3,3300,72762.41968740497,71967.21188288857,6539.12979236453,68.35938592441566,23
能耗优先,3,3400,72484.02102454352,71967.21188288857,6539.12979236453,68.35938592441566,23
能耗优先,3,3500,72497.87561865392,71967.21188288857,6539.12979236453,68.35938592441566,23
能耗优先,3,3700,72479.99673962395,71967.21188288857,6539.12979236453,68.35938592441566,23
能耗优先,3,3800,72331.94846737846,71967.21188288857,6539.12979236453,68.35938592441566,23
能耗优先,3,4200,72073.46967554106,71967.21188288857,6539.12979236453,68.35938592441566,23
能耗优先,3,4300,71931.26098098823,71917.41706334711,8254.062644008298,67.86660453454544,24
能耗优先,3,4700,71915.40562516887,71915.40562516887,8074.78256175781,67.90044911281731,24
能耗优先,3,4900,71947.279284387,71901.56170752777,8074.78256175781,67.8866051951762,24
能耗优先,3,5300,71956.75683606368,71901.56170752777,8074.78256175781,67.8866051951762,24
能耗优先,3,5400,71971.30862327725,71901.56170752777,8074.78256175781,67.8866051951762,24
能耗优先,3,5500,71944.71259390847,71901.56170752777,8074.78256175781,67.8866051951762,24
能耗优先,3,5600,71923.27336704408,71901.56170752777,8074.78256175781,67.8866051951762,24
能耗优先,3,5700,71922.20315426377,71901.56170752777,8074.78256175781,67.8866051951762,24
能耗优先,3,5900,71916.0421469106,71901.56170752777,8074.78256175781,67.8866051951762,24
能耗优先,3,6000,71919.23236996005,71901.56170752777,8074.78256175781,67.8866051951762,24
能耗优先,3,6100,71907.21965597698,71901.56170752777,8074.78256175781,67.8866051951762,24
能耗优先,3,6200,71913.67538455456,71901.56170752777,8074.78256175781,67.8866051951762,24
能耗优先,3,6300,71911.84418089653,71901.56170752777,8074.78256175781,67.8866051951762,24
能耗优先,3,6400,71879.7487929196,71879.7487929196,8147.184758671916,67.85031184118522,24
能耗优先,3,6500,71879.7487929196,71879.7487929196,8147.184758671916,67.85031184118522,24
能耗优先,3,6700,71879.7487929196,71879.7487929196,8147.184758671916,67.85031184118522,24
能耗优先,3,6800,71881.65028060242,71879.7487929196,8147.184758671916,67.85031184118522,24
能耗优先,3,7000,71874.66740483612,71869.09509832796,8093.916285713724,67.85031184118522,24
能耗优先,3,7200,71871.38039027389,71869.09509832796,8093.916285713724,67.85031184118522,24
能耗优先,3,7400,71869.09509832796,71869.09509832796,8093.916285713724,67.85031184118522,24
能耗优先,3,7500,71872.06588263168,71869.09509832796,8093.916285713724,67.85031184118522,24
能耗优先,3,7600,71764.2684781078,71764.2684781078,8108.77020723232,67.74251443666134,24
能耗优先,3,7700,71764.2684781078,71764.2684781078,8108.77020723232,67.74251443666134,24
能耗优先,3,7800,71755.2870299633,71755.2870299633,8063.862966509814,67.74251443666134,24
能耗优先,3,7900,71755.2870299633,71755.2870299633,8063.862966509814,67.74251443666134,24
能耗优先,3,8000,71755.2870299633,71755.2870299633,8063.862966509814,67.74251443666134,24
能耗优先,4,200,76041.68973482637,71967.21188288857,6539.12979236453,68.35938592441566,23
能耗优先,4,300,79817.84370363738,71967.21188288857,6539.12979236453,68.35938592441566,23
能耗优先,4,500,79843.4184946693,71967.21188288857,6539.12979236453,68.35938592441566,23
能耗优先,4,600,77531.10823845032,71967.21188288857,6539.12979236453,68.35938592441566,23
能耗优先,4,700,77002.6264775824,71967.21188288857,6539.12979236453,68.35938592441566,23
能耗优先,4,800,77413.49390856826,71967.21188288857,6539.12979236453,68.35938592441566,23
能耗优先,4,900,77438.77670331493,71967.21188288857,6539.12979236453,68.35938592441566,23
能耗优先,4,1000,77027.54509319318,71967.21188288857,6539.12979236453,68.35938592441566,23
能耗优先,4,1100,77183.06835145845,71967.21188288857,6539.12979236453,68.35938592441566,23
能耗优先,4,1200,75469.29408633609,71967.21188288857,6539.12979236453,68.35938592441566,23
能耗优先,4,1300,75464.24496251761,71967.21188288857,6539.12979236453,68.35938592441566,23
能耗优先,4,1400,75491.54864738087,71967.21188288857,6539.12979236453,68.35938592441566,23
能耗优先,4,1500,75279.828869323,71967.21188288857,6539.12979236453,68.35938592441566,23
能耗优先,4,1600,72715.38434822424,71967.21188288857,6539.12979236453,68.35938592441566,23
能耗优先,4,1700,72649.2679682118,71967.21188288857,6539.12979236453,68.35938592441566,23
能耗优先,4,1900,72353.74323385896,71967.21188288857,6539.12979236453,68.35938592441566,23
能耗优先,4,2100,72237.04472655716,71967.21188288857,6539.12979236453,68.35938592441566,23
能耗优先,4,2200,72292.85156706495,71967.21188288857,6539.12979236453,68.35938592441566,23
能耗优先,4,2300,72368.97765627551,71967.21188288857,6539.12979236453,68.35938592441566,23
能耗优先,4,2400,72432.3694348254,71967.21188288857,6539.12979236453,68.35938592441566,23
能耗优先,4,2500,72208.12599293551,71967.21188288857,6539.12979236453,68.35938592441566,23
能耗优先,4,2600,72147.01197450756,71967.21188288857,6539.12979236453,68.35938592441566,23
能耗优先,4,2700,72280.17001050596,71967.21188288857,6539.12979236453,68.35938592441566,23
能耗优先,4,3100,72454.66848041436,71967.21188288857,6539.12979236453,68.35938592441566,23
能耗优先,4,3600,72072.91495713987,71967.21188288857,6539.12979236453,68.35938592441566,23
能耗优先,4,3900,72122.24269683559,71967.21188288857,6539.12979236453,68.35938592441566,23
能耗优先,4,4300,71962.81101220055,71944.34237308026,8487.956495261435,67.84675107402796,24
能耗优先,4,4400,71951.70774834545,71944.34237308026,8487.956495261435,67.84675107402796,24
能耗优先,4,4500,71982.7759545936,71944.34237308026,8487.956495261435,67.84675107402796,24
能耗优先,4,4600,72039.24312374316,71944.34237308026,8487.956495261435,67.84675107402796,24
能耗优先,4,4700,71946.5679035131,71944.34237308026,8487.956495261435,67.84675107402796,24
能耗优先,4,5000,71879.07771723738,71879.07771723738,8176.627102254703,67.84375229678643,24
能耗优先,4,5100,71864.97557278712,71864.97557278712,8162.400458558142,67.8324954810755,24
能耗优先,4,5200,71899.94155165502,71864.97557278712,8162.400458558142,67.8324954810755,24
能耗优先,4,5300,71870.58589415098,71864.97557278712,8162.400458558142,67.8324954810755,24
能耗优先,4,5700,71560.92928799523,71546.78185407868,8189.63183501413,67.50885548707585,24
能耗优先,4,5800,71604.21094889619,71546.78185407868,8189.63183501413,67.50885548707585,24
能耗优先,4,5900,71546.78185407868,71546.78185407868,8189.63183501413,67.50885548707585,24
能耗优先,4,6000,71546.78185407868,71546.78185407868,8189.63183501413,67.50885548707585,24
能耗优先,4,6300,71555.67489890778,71546.78185407868,8189.63183501413,67.50885548707585,24
能耗优先,4,6400,71555.67489890778,71546.78185407868,8189.63183501413,67.50885548707585,24
能耗优先,4,6700,71551.04027417295,71546.78185407868,8189.63183501413,67.50885548707585,24
能耗优先,4,6800,71551.04027417295,71546.78185407868,8189.63183501413,67.50885548707585,24
能耗优先,4,6900,71551.04027417295,71546.78185407868,8189.63183501413,67.50885548707585,24
能耗优先,4,7200,71332.0089477802,71332.0089477802,9214.55613509674,67.08909772076085,24
能耗优先,4,7400,71314.71759081354,71314.71759081354,9190.25771648003,67.07666604751753,24
能耗优先,4,7600,71314.71759081354,71314.71759081354,9190.25771648003,67.07666604751753,24
能耗优先,4,7700,71314.71759081354,71314.71759081354,9190.25771648003,67.07666604751753,24
能耗优先,4,7800,71319.57727453687,71314.71759081354,9190.25771648003,67.07666604751753,24
能耗优先,4,8000,71314.71759081354,71314.71759081354,9190.25771648003,67.07666604751753,24
架次优先,0,100,80342.54823461491,77143.76455091448,6539.12979236453,68.35938592441566,23
架次优先,0,300,74520.75419353196,74228.78065229766,7764.273125509076,66.75926027195854,22
架次优先,0,400,74443.73860007177,74228.78065229766,7764.273125509076,66.75926027195854,22
架次优先,0,500,74524.22091593151,74228.78065229766,7764.273125509076,66.75926027195854,22
架次优先,0,600,77705.79567317312,74228.78065229766,7764.273125509076,66.75926027195854,22
架次优先,0,700,77683.67528261284,74228.78065229766,7764.273125509076,66.75926027195854,22
架次优先,0,900,77702.51504123707,74228.78065229766,7764.273125509076,66.75926027195854,22
架次优先,0,1000,77632.9303083501,74228.78065229766,7764.273125509076,66.75926027195854,22
架次优先,0,1300,74654.04164026097,74228.78065229766,7764.273125509076,66.75926027195854,22
架次优先,0,1400,74678.23825335377,74228.78065229766,7764.273125509076,66.75926027195854,22
架次优先,0,1600,74581.4966322795,74228.78065229766,7764.273125509076,66.75926027195854,22
架次优先,0,1900,74735.65966035453,74228.78065229766,7764.273125509076,66.75926027195854,22
架次优先,0,2200,74569.39525775175,74228.78065229766,7764.273125509076,66.75926027195854,22
架次优先,0,2300,74565.65797625124,74228.78065229766,7764.273125509076,66.75926027195854,22
架次优先,0,2400,74673.90840110282,74228.78065229766,7764.273125509076,66.75926027195854,22
架次优先,0,2600,74583.79529169519,74228.78065229766,7764.273125509076,66.75926027195854,22
架次优先,0,2800,74570.8054191216,74228.78065229766,7764.273125509076,66.75926027195854,22
架次优先,0,3000,74515.82924979733,74228.78065229766,7764.273125509076,66.75926027195854,22
架次优先,0,3100,74552.05713562193,74228.78065229766,7764.273125509076,66.75926027195854,22
架次优先,0,3200,74564.57729876097,74228.78065229766,7764.273125509076,66.75926027195854,22
架次优先,0,3400,74706.12261690592,74228.78065229766,7764.273125509076,66.75926027195854,22
架次优先,0,3800,74478.19893175535,74228.78065229766,7764.273125509076,66.75926027195854,22
架次优先,0,4200,74506.97563314703,74228.78065229766,7764.273125509076,66.75926027195854,22
架次优先,0,4400,74516.87276600055,74228.78065229766,7764.273125509076,66.75926027195854,22
架次优先,0,4500,74528.53407276828,74228.78065229766,7764.273125509076,66.75926027195854,22
架次优先,0,4700,71229.76247723716,71211.7954366927,7620.656338989034,66.876641688949,21
架次优先,0,4800,71206.23122315915,71206.23122315915,7686.656338989034,66.68899955361344,21
架次优先,0,4900,71213.81973860378,71203.04204000483,7686.656338989034,66.65710772207025,21
架次优先,0,5000,71219.65565904432,71203.04204000483,7686.656338989034,66.65710772207025,21
架次优先,0,5100,71212.64982877483,71203.04204000483,7686.656338989034,66.65710772207025,21
架次优先,0,5400,71211.13724958671,71203.04204000483,7686.656338989034,66.65710772207025,21
架次优先,0,5700,71206.26444297093,71191.89453314198,7620.6563389890325,66.67763265344175,21
架次优先,0,5800,71210.88694782033,71191.89453314198,7620.6563389890325,66.67763265344175,21
架次优先,0,5900,71218.33588036933,71191.89453314198,7620.6563389890325,66.67763265344175,21
架次优先,0,6000,71201.09638332103,71191.89453314198,7620.6563389890325,66.67763265344175,21
架次优先,0,6400,71223.2051316712,71191.89453314198,7620.6563389890325,66.67763265344175,21
架次优先,0,6500,71192.93221742248,71182.6882740677,7554.656338989034,66.71757006269888,21
架次优先,0,6600,71185.92638715297,71181.30388230359,7554.656338989034,66.70372614505777,21
架次优先,0,6700,71187.3397852238,71181.30388230359,7554.656338989034,66.70372614505777,21
架次优先,0,6800,71181.30388230359,71181.30388230359,7554.656338989034,66.70372614505777,21
架次优先,0,6900,71181.30388230359,71181.30388230359,7554.656338989034,66.70372614505777,21
架次优先,0,7000,71188.30971257309,71181.30388230359,7554.656338989034,66.70372614505777,21
架次优先,0,7100,71182.93004556894,71181.30388230359,7554.656338989034,66.70372614505777,21
架次优先,0,7300,71182.6882740677,71181.30388230359,7554.656338989034,66.70372614505777,21
架次优先,0,7400,71182.6882740677,71181.30388230359,7554.656338989034,66.70372614505777,21
架次优先,0,7500,71181.30388230359,71181.30388230359,7554.656338989034,66.70372614505777,21
架次优先,0,7600,71181.30388230359,71181.30388230359,7554.656338989034,66.70372614505777,21
架次优先,0,7800,71181.30388230359,71181.30388230359,7554.656338989034,66.70372614505777,21
架次优先,1,200,78153.22504508011,77143.76455091448,6539.12979236453,68.35938592441566,23
架次优先,1,300,81577.22327753696,77143.76455091448,6539.12979236453,68.35938592441566,23
架次优先,1,500,71790.94634387801,71790.94634387801,9496.582129395138,68.91629917998976,21
架次优先,1,800,71883.02535801765,71757.66899324264,9551.61360762974,68.47346271716684,21
架次优先,1,1000,71777.52183147804,71757.66899324264,9551.61360762974,68.47346271716684,21
架次优先,1,1100,71760.44106438589,71757.66899324264,9551.61360762974,68.47346271716684,21
架次优先,1,1300,71784.94236031447,71754.56221781443,9548.7621937619,68.44809779062045,21
架次优先,1,1400,71774.84018445003,71754.56221781443,9548.7621937619,68.44809779062045,21
架次优先,1,1600,71878.80209947561,71754.56221781443,9548.7621937619,68.44809779062045,21
架次优先,1,1700,71880.59673849892,71754.56221781443,9548.7621937619,68.44809779062045,21
架次优先,1,1800,71802.00718564884,71754.56221781443,9548.7621937619,68.44809779062045,21
架次优先,1,1900,71802.3034822228,71754.56221781443,9548.7621937619,68.44809779062045,21
架次优先,1,2100,71785.47224271427,71754.56221781443,9548.7621937619,68.44809779062045,21
架次优先,1,2200,71844.53384931164,71754.56221781443,9548.7621937619,68.44809779062045,21
架次优先,1,2600,71798.92739868454,71719.85873543234,9326.748908491016,68.5450895373414,21
架次优先,1,2800,71735.68682773736,71719.85873543234,9326.748908491016,68.5450895373414,21
架次优先,1,2900,71602.9261119941,71579.5319073526,8875.102379964326,68.04511431359738,21
架次优先,1,3000,71615.28441019356,71579.5319073526,8875.102379964326,68.04511431359738,21
架次优先,1,3100,71580.63390731458,71566.32991384718,9009.568820898125,67.64416149667555,21
架次优先,1,3200,71294.86672701396,71272.67982607557,8216.66100891528,66.29347624292524,21
架次优先,1,3300,71254.71384187399,71254.71384187399,8122.172049795377,66.30279431914923,21
架次优先,1,3500,71172.88642777508,71171.1093901553,8056.172049795377,65.59874980196217,21
架次优先,1,3600,71189.73045415945,71169.05562471568,8056.172049795377,65.578212147566,21
架次优先,1,3700,71109.21640174968,71057.7974289897,7587.894550954208,65.40218518798851,21
架次优先,1,3800,71093.10855980914,71057.7974289897,7587.894550954208,65.40218518798851,21
架次优先,1,3900,71060.77957325954,71057.7974289897,7587.894550954208,65.40218518798851,21
架次优先,1,4100,71096.86944653564,71057.7974289897,7587.894550954208,65.40218518798851,21
架次优先,1,4200,71070.60566314789,71057.7974289897,7587.894550954208,65.40218518798851,21
架次优先,1,4400,71089.05990792962,71057.7974289897,7587.894550954208,65.40218518798851,21
架次优先,1,4600,71062.0698463196,71057.7974289897,7587.894550954208,65.40218518798851,21
架次优先,1,4700,71062.0698463196,71057.7974289897,7587.894550954208,65.40218518798851,21
架次优先,1,4800,71062.0698463196,71057.7974289897,7587.894550954208,65.40218518798851,21
架次优先,1,5000,71076.23848534442,71057.7974289897,7587.894550954208,65.40218518798851,21
架次优先,1,5100,71063.84688393939,71057.7974289897,7587.894550954208,65.40218518798851,21
架次优先,1,5200,71066.2178002551,71057.7974289897,7587.894550954208,65.40218518798851,21
架次优先,1,5400,71077.67585253273,71057.7974289897,7587.894550954208,65.40218518798851,21
架次优先,1,5500,71063.84688393939,71057.7974289897,7587.894550954208,65.40218518798851,21
架次优先,1,5600,71065.46548545125,71057.7974289897,7587.894550954208,65.40218518798851,21
架次优先,1,5800,71064.33596345398,71057.7974289897,7587.894550954208,65.40218518798851,21
架次优先,1,5900,71078.06359058448,71057.7974289897,7587.894550954208,65.40218518798851,21
架次优先,1,6100,71064.82850068706,71057.7974289897,7587.894550954208,65.40218518798851,21
架次优先,1,6300,71063.05146306727,71057.7974289897,7587.894550954208,65.40218518798851,21
架次优先,1,6400,71063.05146306727,71057.7974289897,7587.894550954208,65.40218518798851,21
架次优先,1,6500,71072.12666388496,71057.7974289897,7587.894550954208,65.40218518798851,21
架次优先,1,6600,71072.72054258086,71057.7974289897,7587.894550954208,65.40218518798851,21
架次优先,1,6800,71073.11400748686,71057.7974289897,7587.894550954208,65.40218518798851,21
架次优先,1,7300,71064.03880666918,71057.7974289897,7587.894550954208,65.40218518798851,21
架次优先,1,7400,71064.03880666918,71057.7974289897,7587.894550954208,65.40218518798851,21
架次优先,1,7600,71066.40972298487,71057.7974289897,7587.894550954208,65.40218518798851,21
架次优先,1,7700,71065.81584428897,71057.7974289897,7587.894550954208,65.40218518798851,21
架次优先,1,7900,71065.81584428897,71057.7974289897,7587.894550954208,65.40218518798851,21
架次优先,1,8000,71064.03880666918,71057.7974289897,7587.894550954208,65.40218518798851,21
架次优先,2,200,77280.51214723555,77143.76455091448,6539.12979236453,68.35938592441566,23
架次优先,2,300,80618.55136868969,77143.76455091448,6539.12979236453,68.35938592441566,23
架次优先,2,600,77571.39375776751,77143.76455091448,6539.12979236453,68.35938592441566,23
架次优先,2,700,77893.15494097839,77143.76455091448,6539.12979236453,68.35938592441566,23
架次优先,2,800,77539.39664516361,77143.76455091448,6539.12979236453,68.35938592441566,23
架次优先,2,900,77563.05743855397,77143.76455091448,6539.12979236453,68.35938592441566,23
架次优先,2,1000,77574.17641443202,77143.76455091448,6539.12979236453,68.35938592441566,23
架次优先,2,1100,77511.34028092625,77143.76455091448,6539.12979236453,68.35938592441566,23
架次优先,2,1300,77527.27616457152,77143.76455091448,6539.12979236453,68.35938592441566,23
架次优先,2,1400,74410.98966166696,74366.1009938521,7587.894550954208,68.48522083661261,22
架次优先,2,1500,74321.75708070678,74321.75708070678,7350.367838308115,68.51683513045161,22
架次优先,2,1600,74318.18772193641,74249.9116227671,7069.158818793963,68.36079859008318,22
架次优先,2,1700,74406.04148916288,74249.9116227671,7069.158818793963,68.36079859008318,22
架次优先,2,2000,74476.52792417254,74249.9116227671,7069.158818793963,68.36079859008318,22
架次优先,2,2300,74650.6175631286,74236.91723322368,6986.701676646548,68.39576897894362,22
架次优先,2,2500,74674.37264130141,74236.91723322368,6986.701676646548,68.39576897894362,22
架次优先,2,2600,74608.64640656661,74236.91723322368,6986.701676646548,68.39576897894362,22
架次优先,2,2700,74600.57948180131,74236.91723322368,6986.701676646548,68.39576897894362,22
架次优先,2,2800,74756.57454177855,74236.91723322368,6986.701676646548,68.39576897894362,22
架次优先,2,2900,74682.07881801738,74236.91723322368,6986.701676646548,68.39576897894362,22
架次优先,2,3200,74812.01262795851,74236.91723322368,6986.701676646548,68.39576897894362,22
架次优先,2,3400,74357.3089261675,74236.91723322368,6986.701676646548,68.39576897894362,22
架次优先,2,3600,74289.81624382541,74236.91723322368,6986.701676646548,68.39576897894362,22
架次优先,2,3700,74215.44606992489,74177.73027048795,7040.251243472942,67.6968002179337,22
架次优先,2,3800,74261.1998708764,74177.73027048795,7040.251243472942,67.6968002179337,22
架次优先,2,4000,74256.59834700158,74157.09765576507,6944.01012867904,67.68295630029257,22
架次优先,2,4100,74185.93682120832,74157.09765576507,6944.01012867904,67.68295630029257,22
架次优先,2,4200,74182.23384057304,74157.09765576507,6944.01012867904,67.68295630029257,22
架次优先,2,4300,74160.25908514897,74157.09765576507,6944.01012867904,67.68295630029257,22
架次优先,2,4400,74161.17264223186,74157.09765576507,6944.01012867904,67.68295630029257,22
架次优先,2,4600,74184.92443527572,74148.52119059007,6885.40915087114,67.7143936041583,22
架次优先,2,4800,74180.26230667268,74148.52119059007,6885.40915087114,67.7143936041583,22
架次优先,2,4900,74183.90693047109,74148.52119059007,6885.40915087114,67.7143936041583,22
架次优先,2,5100,74184.63753629448,74148.52119059007,6885.40915087114,67.7143936041583,22
架次优先,2,5200,74201.10864315856,74148.52119059007,6885.40915087114,67.7143936041583,22
架次优先,2,5300,74184.53470506035,74148.52119059007,6885.40915087114,67.7143936041583,22
架次优先,2,5400,74182.20981084502,74148.52119059007,6885.40915087114,67.7143936041583,22
架次优先,2,5500,74179.51747044652,74148.52119059007,6885.40915087114,67.7143936041583,22
架次优先,2,5600,74139.46798769428,74137.6909500745,6840.501910148633,67.69590568044764,22
架次优先,2,5700,74139.46798769428,74137.6909500745,6840.501910148633,67.69590568044764,22
架次优先,2,5800,74147.45596076216,74137.6909500745,6840.501910148633,67.69590568044764,22
架次优先,2,6000,74149.32245213057,74137.6909500745,6840.501910148633,67.69590568044764,22
架次优先,2,6400,74154.35116587707,74137.6909500745,6840.501910148633,67.69590568044764,22
架次优先,2,6500,74140.26899859155,74137.6909500745,6840.501910148633,67.69590568044764,22
架次优先,2,6600,74151.45442044495,74137.6909500745,6840.501910148633,67.69590568044764,22
架次优先,2,6700,74158.78523963624,74137.6909500745,6840.501910148633,67.69590568044764,22
架次优先,2,6800,74148.79871217911,74137.6909500745,6840.501910148633,67.69590568044764,22
架次优先,2,7100,74148.79871217911,74137.6909500745,6840.501910148633,67.69590568044764,22
架次优先,2,7200,74149.19135803478,74137.6909500745,6840.501910148633,67.69590568044764,22
架次优先,2,7300,74140.26899859155,74137.6909500745,6840.501910148633,67.69590568044764,22
架次优先,2,7600,74137.6909500745,74136.30655831037,6840.501910148633,67.68206176280651,22
架次优先,2,7700,74137.6909500745,74136.30655831037,6840.501910148633,67.68206176280651,22
架次优先,2,7900,74138.08359593016,74136.30655831037,6840.501910148633,67.68206176280651,22
架次优先,3,100,80870.21270275762,77143.76455091448,6539.12979236453,68.35938592441566,23
架次优先,3,300,80857.47890628192,77143.76455091448,6539.12979236453,68.35938592441566,23
架次优先,3,400,80851.57085328316,77143.76455091448,6539.12979236453,68.35938592441566,23
架次优先,3,500,77580.31266320792,77143.76455091448,6539.12979236453,68.35938592441566,23
架次优先,3,700,77549.79311205387,77143.76455091448,6539.12979236453,68.35938592441566,23
架次优先,3,800,77587.86048981582,77143.76455091448,6539.12979236453,68.35938592441566,23
架次优先,3,900,74512.28238934586,74500.57184253086,7856.973091920098,69.2917722414684,22
架次优先,3,1000,71263.05625706393,71248.15409461859,8054.973091920081,66.37159476234571,21
架次优先,3,1300,71216.39000452944,71216.39000452944,7990.17204979537,66.18355594570362,21
架次优先,3,1400,71304.6187805526,71176.2690843788,7990.172049795377,65.78234674419726,21
架次优先,3,1600,71240.27049140238,71176.2690843788,7990.172049795377,65.78234674419726,21
架次优先,3,2000,68132.02951556878,68056.83829151868,8063.525526803041,64.4413318615808,20
架次优先,3,2100,68501.54592029397,68056.83829151868,8063.525526803041,64.4413318615808,20
架次优先,3,2300,68580.3196478463,68056.83829151868,8063.525526803041,64.4413318615808,20
架次优先,3,2400,68570.32088395515,68056.83829151868,8063.525526803041,64.4413318615808,20
架次优先,3,2500,68544.62261381702,68056.83829151868,8063.525526803041,64.4413318615808,20
架次优先,3,2600,68107.2644682943,68056.83829151868,8063.525526803041,64.4413318615808,20
架次优先,3,2700,68116.79080228589,68056.83829151868,8063.525526803041,64.4413318615808,20
架次优先,3,2800,68149.49722486036,68056.83829151868,8063.525526803041,64.4413318615808,20
架次优先,3,2900,68174.13389024015,68056.83829151868,8063.525526803041,64.4413318615808,20
架次优先,3,3200,68168.73252478591,68056.83829151868,8063.525526803041,64.4413318615808,20
架次优先,3,3300,68170.80656103566,68056.83829151868,8063.525526803041,64.4413318615808,20
架次优先,3,3400,68199.32837907008,68056.83829151868,8063.525526803041,64.4413318615808,20
架次优先,3,3500,68165.5977324283,68056.83829151868,8063.525526803041,64.4413318615808,20
架次优先,3,3600,68174.19402026192,68056.83829151868,8063.525526803041,64.4413318615808,20
架次优先,3,4100,68165.71699697712,68056.83829151868,8063.525526803041,64.4413318615808,20
架次优先,3,4300,68141.00068508692,68056.83829151868,8063.525526803041,64.4413318615808,20
架次优先,3,4400,68170.74026751172,68056.83829151868,8063.525526803041,64.4413318615808,20
架次优先,3,4600,68114.7173817265,68056.83829151868,8063.525526803041,64.4413318615808,20
架次优先,3,4700,68112.8063265076,68056.83829151868,8063.525526803041,64.4413318615808,20
架次优先,3,4800,68129.85480308803,68056.83829151868,8063.525526803041,64.4413318615808,20
架次优先,3,5200,68074.20967707464,68056.83829151868,8063.525526803041,64.4413318615808,20
架次优先,3,5400,68090.82857065595,68056.83829151868,8063.525526803041,64.4413318615808,20
架次优先,3,5500,68069.04848556545,68056.83829151868,8063.525526803041,64.4413318615808,20
架次优先,3,5600,68070.8133816772,68052.8469183845,8056.172049795377,64.41612508425429,20
架次优先,3,5700,68083.77359010215,68052.8469183845,8056.172049795377,64.41612508425429,20
架次优先,3,5800,68069.61670207324,68052.8469183845,8056.172049795377,64.41612508425429,20
架次优先,3,5900,68071.48896167814,68052.8469183845,8056.172049795377,64.41612508425429,20
架次优先,3,6000,68053.33945561759,68052.8469183845,8056.172049795377,64.41612508425429,20
架次优先,3,6200,68062.71620220278,68052.8469183845,8056.172049795377,64.41612508425429,20
架次优先,3,6300,68052.80007162817,68052.80007162817,8056.172049795377,64.41565661669098,20
架次优先,3,6400,68053.20284664462,68052.80007162817,8056.172049795377,64.41565661669098,20
架次优先,3,6500,68064.77866330545,68051.81845488051,8056.172049795377,64.40584044921437,20
架次优先,3,6800,68058.82428515001,68051.81845488051,8056.172049795377,64.40584044921437,20
架次优先,3,6900,68057.54814255289,68050.54231228337,8056.172049795377,64.393079023243,20
架次优先,3,7000,68056.73377052757,68049.72794025806,8032.9580191782425,64.43136336422418,20
架次优先,3,7400,68040.6816668669,68040.6816668669,7990.172049795378,64.42647256907837,20
架次优先,3,7500,68039.81556285125,68039.81556285125,7990.172049795377,64.41781152892175,20
架次优先,3,7600,68041.19995461537,68039.81556285125,7990.172049795377,64.41781152892175,20
架次优先,3,7700,68041.66242676327,68039.81556285125,7990.172049795377,64.41781152892175,20
架次优先,3,8000,68042.06605863103,68039.81556285125,7990.172049795377,64.41781152892175,20
架次优先,4,100,77907.44173701642,77143.76455091448,6539.12979236453,68.35938592441566,23
架次优先,4,200,77930.64582195462,77143.76455091448,6539.12979236453,68.35938592441566,23
架次优先,4,300,77861.20795385964,77143.76455091448,6539.12979236453,68.35938592441566,23
架次优先,4,400,80986.79955301146,77143.76455091448,6539.12979236453,68.35938592441566,23
架次优先,4,500,81075.19954090967,77143.76455091448,6539.12979236453,68.35938592441566,23
架次优先,4,600,77861.32812918743,77143.76455091448,6539.12979236453,68.35938592441566,23
架次优先,4,700,77796.54328973252,77143.76455091448,6539.12979236453,68.35938592441566,23
架次优先,4,800,77838.48540226495,77143.76455091448,6539.12979236453,68.35938592441566,23
架次优先,4,900,77897.78396319457,77143.76455091448,6539.12979236453,68.35938592441566,23
架次优先,4,1000,77950.6482148639,77143.76455091448,6539.12979236453,68.35938592441566,23
架次优先,4,1100,74786.53815935974,74771.50737044553,9355.993213855738,69.00308727674378,22
架次优先,4,1200,74853.73575137313,74771.50737044553,9355.993213855738,69.00308727674378,22
架次优先,4,1300,74773.79804014963,74768.57504847538,9100.46258815235,69.48482530844908,22
架次优先,4,1400,75080.05741328411,74731.38362506923,9046.362853124394,69.22111054444342,22
架次优先,4,1500,75049.11363960449,74731.38362506923,9046.362853124394,69.22111054444342,22
架次优先,4,1600,75025.22943569251,74731.38362506923,9046.362853124394,69.22111054444342,22
架次优先,4,1700,74972.65384145896,74731.38362506923,9046.362853124394,69.22111054444342,22
架次优先,4,1800,74986.35957352542,74731.38362506923,9046.362853124394,69.22111054444342,22
架次优先,4,2000,75170.74312528475,74731.38362506923,9046.362853124394,69.22111054444342,22
架次优先,4,2100,75171.41416695216,74731.38362506923,9046.362853124394,69.22111054444342,22
架次优先,4,2200,75207.25742581651,74731.38362506923,9046.362853124394,69.22111054444342,22
架次优先,4,2300,75062.24002656701,74731.38362506923,9046.362853124394,69.22111054444342,22
架次优先,4,2400,75080.24191736881,74731.38362506923,9046.362853124394,69.22111054444342,22
架次优先,4,2700,72030.32751202566,71973.76104218034,10125.925951112593,69.48575851957816,21
架次优先,4,2800,72088.40656593179,71973.76104218034,10125.925951112593,69.48575851957816,21
架次优先,4,2900,72183.9956858837,71973.76104218034,10125.925951112593,69.48575851957816,21
架次优先,4,3400,72046.89822872219,71973.76104218034,10125.925951112593,69.48575851957816,21
架次优先,4,3600,71972.21771729812,71953.30841218443,9795.448445976228,69.94218722989189,21
架次优先,4,3800,71784.78534625226,71779.16390774687,9795.448445976239,68.2007421855162,21
架次优先,4,4000,71481.34281855992,71423.13032428164,9493.498947580638,65.24430534765513,21
架次优先,4,4300,71451.46079446257,71373.91973408073,9425.455005348216,64.88828733011086,21
架次优先,4,4500,71451.36956780031,71373.91973408073,9425.455005348216,64.88828733011086,21
架次优先,4,4600,71464.57167858616,71373.91973408073,9425.455005348216,64.88828733011086,21
架次优先,4,4700,71421.87198319819,71373.91973408073,9425.455005348216,64.88828733011086,21
架次优先,4,4800,68163.77237085265,68162.98322909926,9625.824305338003,62.37818368031664,20
架次优先,4,4900,68119.13913685188,68119.13913685188,9559.824305338003,62.071742757842806,20
架次优先,4,5000,67855.51785449682,67855.51785449682,8339.15596102237,61.87686662292351,20
架次优先,4,5300,67847.68188233639,67809.8231789571,8273.15596102237,61.551919867526195,20
架次优先,4,5400,67835.4977265206,67809.8231789571,8273.15596102237,61.551919867526195,20
架次优先,4,5500,67808.75676050452,67805.57090277501,8274.540751634247,61.50662752448169,20
架次优先,4,5600,67810.29497841172,67805.57090277501,8274.540751634247,61.50662752448169,20
架次优先,4,5700,67789.31744483083,67789.31744483083,8141.15596102237,61.61086252626353,20
架次优先,4,5800,67789.31744483083,67789.31744483083,8141.15596102237,61.61086252626353,20
架次优先,4,5900,67793.84667913528,67789.31744483083,8141.15596102237,61.61086252626353,20
架次优先,4,6000,67799.32913295641,67789.31744483083,8141.15596102237,61.61086252626353,20
架次优先,4,6100,67790.71738994418,67789.31744483083,8141.15596102237,61.61086252626353,20
架次优先,4,6200,67789.31744483083,67789.31744483083,8141.15596102237,61.61086252626353,20
架次优先,4,6300,67802.51744483082,67789.31744483083,8141.15596102237,61.61086252626353,20
架次优先,4,6400,67813.084973928,67789.31744483083,8141.15596102237,61.61086252626353,20
架次优先,4,6500,67810.15670561788,67789.31744483083,8141.15596102237,61.61086252626353,20
架次优先,4,6600,67831.66783724671,67789.31744483083,8141.15596102237,61.61086252626353,20
架次优先,4,6700,67826.80143260048,67789.31744483083,8141.15596102237,61.61086252626353,20
架次优先,4,7100,67789.31744483083,67789.31744483083,8141.15596102237,61.61086252626353,20
架次优先,4,7200,67789.31744483083,67789.31744483083,8141.15596102237,61.61086252626353,20
架次优先,4,7300,67789.31744483083,67789.31744483083,8141.15596102237,61.61086252626353,20
架次优先,4,7400,67793.84667913528,67789.31744483083,8141.15596102237,61.61086252626353,20
架次优先,4,7500,67789.31744483083,67789.31744483083,8141.15596102237,61.61086252626353,20
架次优先,4,7600,67789.31744483083,67789.31744483083,8141.15596102237,61.61086252626353,20
架次优先,4,7700,67791.56404065875,67789.31744483083,8141.15596102237,61.61086252626353,20
架次优先,4,7800,67789.31744483083,67789.31744483083,8141.15596102237,61.61086252626353,20
架次优先,4,8000,67789.31744483083,67789.31744483083,8141.15596102237,61.61086252626353,20
