运输架次,阶段,开始_s,结束_s,保障方式,中继架次
T01,爬升,360.0,420.418085,直连,
T01,巡航,420.418085,633.055814,直连,
T01,巡航,633.055814,723.950501,中继,RS02
T01,巡航,723.950501,802.469698,中继,RS01
T01,巡航,802.469698,920.248494,中继,RS02
T01,巡航,920.248494,998.767691,中继,RS01
T01,巡航,998.767691,1038.027289,中继,RS02
T01,下降,1038.027289,1055.91814,中继,RS02
T01,下降,1055.91814,1073.808991,中继,RS01
T01,投送,1073.808991,1283.808991,中继,RS01
T01,爬升,1283.808991,1298.718033,中继,RS01
T01,爬升,1298.718033,1313.627076,中继,RS02
T01,巡航,1313.627076,1390.828226,中继,RS02
T01,巡航,1390.828226,1429.428802,中继,RS01
T01,巡航,1429.428802,1545.230527,中继,RS02
T01,巡航,1545.230527,1776.833979,中继,RS01
T01,巡航,1776.833979,1931.23628,直连,
T01,下降,1931.23628,2003.737982,直连,
T02,爬升,360.0,514.749129,直连,
T02,巡航,514.749129,723.950501,直连,
T02,巡航,723.950501,966.382617,中继,RS02
T02,下降,966.382617,1062.761572,中继,RS02
T02,投送,1062.761572,1272.761572,中继,RS02
T02,爬升,1272.761572,1353.077368,中继,RS02
T02,巡航,1353.077368,1691.802484,中继,RS02
T02,巡航,1691.802484,1804.710857,直连,
T02,下降,1804.710857,1990.409812,直连,
T03,爬升,390.0,438.452203,直连,
T03,巡航,438.452203,692.95044,直连,
T03,下降,692.95044,728.573084,直连,
T03,投送,728.573084,968.573084,直连,
T03,爬升,968.573084,998.258621,直连,
T03,巡航,998.258621,1061.88318,中继,RS01
T03,巡航,1061.88318,1252.756858,直连,
T03,下降,1252.756858,1310.899502,直连,
T04,爬升,390.0,469.465946,直连,
T04,巡航,469.465946,734.983295,直连,
T04,下降,734.983295,755.50243,直连,
T04,投送,755.50243,965.50243,直连,
T04,爬升,965.50243,1077.655808,直连,
T04,巡航,1077.655808,1468.027545,中继,RS01
T04,下降,1468.027545,1538.731598,中继,RS01
T04,投送,1538.731598,1718.731598,中继,RS01
T04,爬升,1718.731598,1751.164683,中继,RS01
T04,巡航,1751.164683,2126.751118,中继,RS01
T04,巡航,2126.751118,2251.946597,直连,
T04,下降,2251.946597,2429.586299,直连,
T05,爬升,390.0,485.200332,直连,
T05,巡航,485.200332,633.055814,直连,
T05,巡航,633.055814,977.899777,中继,RS02
T05,下降,977.899777,1031.300175,中继,RS02
T05,投送,1031.300175,1271.300175,中继,RS02
T05,爬升,1271.300175,1315.800507,中继,RS02
T05,巡航,1315.800507,1685.325091,中继,RS02
T05,巡航,1685.325091,1808.499953,直连,
T05,下降,1808.499953,1922.740351,直连,
T06,爬升,390.0,492.645512,直连,
T06,巡航,492.645512,633.055814,直连,
T06,巡航,633.055814,811.611835,中继,RS02
T06,下降,811.611835,845.22645,中继,RS02
T06,投送,845.22645,1085.22645,中继,RS02
T06,爬升,1085.22645,1113.238628,中继,RS02
T06,巡航,1113.238628,1352.463371,中继,RS02
T06,巡航,1352.463371,1432.204952,直连,
T06,下降,1432.204952,1555.379566,直连,
T07,爬升,540.0,635.359136,直连,
T07,巡航,635.359136,847.773014,直连,
T07,下降,847.773014,873.421934,直连,
T07,投送,873.421934,1197.421934,直连,
T07,爬升,1197.421934,1307.646465,直连,
T07,巡航,1307.646465,1370.332509,中继,RS01
T07,巡航,1370.332509,1409.511286,直连,
T07,巡航,1409.511286,1474.809249,中继,RS01
T07,下降,1474.809249,1595.739913,中继,RS01
T07,投送,1595.739913,1919.739913,中继,RS01
T07,爬升,1919.739913,1985.129183,中继,RS01
T07,巡航,1985.129183,2060.703525,中继,RS01
T07,巡航,2060.703525,2287.426554,直连,
T07,下降,2287.426554,2479.563141,直连,
T08,爬升,510.0,568.142644,直连,
T08,巡航,568.142644,723.950501,直连,
T08,巡航,723.950501,771.741234,中继,RS01
T08,下降,771.741234,816.269539,直连,
T08,投送,816.269539,1032.269539,直连,
T08,爬升,1032.269539,1082.367476,直连,
T08,巡航,1082.367476,1155.044101,中继,RS01
T08,巡航,1155.044101,1227.720727,中继,RS02
T08,巡航,1227.720727,1264.05904,中继,RS01
T08,巡航,1264.05904,1300.397353,中继,RS02
T08,巡航,1300.397353,1336.735665,中继,RS01
T08,巡航,1336.735665,1373.073978,中继,RS02
T08,下降,1373.073978,1395.510189,中继,RS02
T08,下降,1395.510189,1417.9464,中继,RS01
T08,投送,1417.9464,1813.9464,中继,RS01
T08,爬升,1813.9464,1831.83725,中继,RS01
T08,爬升,1831.83725,1849.728101,中继,RS02
T08,巡航,1849.728101,1911.489022,中继,RS02
T08,巡航,1911.489022,1942.369482,中继,RS01
T08,巡航,1942.369482,2035.010863,中继,RS02
T08,巡航,2035.010863,2220.293624,中继,RS01
T08,巡航,2220.293624,2343.815465,直连,
T08,下降,2343.815465,2434.442592,直连,
T09,爬升,1671.0,1719.452203,直连,
T09,巡航,1719.452203,1910.325881,直连,
T09,巡航,1910.325881,1973.95044,中继,RS01
T09,下降,1973.95044,2009.573084,直连,
T09,投送,2009.573084,2219.573084,直连,
T09,爬升,2219.573084,2249.258621,直连,
T09,巡航,2249.258621,2312.88318,中继,RS01
T09,巡航,2312.88318,2503.756858,直连,
T09,下降,2503.756858,2561.899502,直连,
T10,爬升,1945.379566,2035.873507,直连,
T10,巡航,2035.873507,2116.694213,直连,
T10,巡航,2116.694213,2359.156332,中继,RS02
T10,下降,2359.156332,2378.149062,中继,RS02
T10,投送,2378.149062,2618.149062,中继,RS02
T10,爬升,2618.149062,2633.976336,中继,RS02
T10,巡航,2633.976336,2876.438455,中继,RS02
T10,巡航,2876.438455,2957.259161,直连,
T10,下降,2957.259161,3065.851891,直连,
T11,爬升,2283.0,2331.452203,直连,
T11,巡航,2331.452203,2484.151146,直连,
T11,巡航,2484.151146,2535.050793,中继,RS01
T11,下降,2535.050793,2570.673437,直连,
T11,投送,2570.673437,2780.673437,直连,
T11,爬升,2780.673437,2810.358974,直连,
T11,巡航,2810.358974,2861.258621,中继,RS01
T11,巡航,2861.258621,3013.957563,直连,
T11,下降,3013.957563,3072.100207,直连,
T12,爬升,2350.409812,2398.862015,直连,
T12,巡航,2398.862015,2589.735693,直连,
T12,巡航,2589.735693,2653.360252,中继,RS01
T12,下降,2653.360252,2688.982896,直连,
T12,投送,2688.982896,2868.982896,直连,
T12,爬升,2868.982896,3007.666368,直连,
T12,巡航,3007.666368,3440.68396,中继,RS02
T12,下降,3440.68396,3540.304126,中继,RS02
T12,投送,3540.304126,3720.304126,中继,RS02
T12,爬升,3720.304126,3800.619922,中继,RS02
T12,巡航,3800.619922,4139.345038,中继,RS02
T12,巡航,4139.345038,4252.25341,直连,
T12,下降,4252.25341,4437.952365,直连,
T13,爬升,2536.15492,2680.856299,直连,
T13,巡航,2680.856299,2832.172534,直连,
T13,巡航,2832.172534,3286.121237,中继,RS01
T13,下降,3286.121237,3375.442892,中继,RS01
T13,投送,3375.442892,3585.442892,中继,RS01
T13,爬升,3585.442892,3659.877605,中继,RS01
T13,巡航,3659.877605,4113.826309,中继,RS01
T13,巡航,4113.826309,4265.142543,直连,
T13,下降,4265.142543,4438.784198,直连,
T14,爬升,2914.442592,2972.585236,直连,
T14,巡航,2972.585236,3125.284178,直连,
T14,巡航,3125.284178,3176.183826,中继,RS01
T14,下降,3176.183826,3220.712131,直连,
T14,投送,3220.712131,3544.712131,直连,
T14,爬升,3544.712131,3617.826999,直连,
T14,巡航,3617.826999,4015.707559,中继,RS01
T14,下降,4015.707559,4063.651144,中继,RS01
T14,投送,4063.651144,4315.651144,中继,RS01
T14,爬升,4315.651144,4356.454877,中继,RS01
T14,巡航,4356.454877,4695.625078,中继,RS01
T14,巡航,4695.625078,4895.057085,直连,
T14,下降,4895.057085,5017.661751,直连,
T15,爬升,2990.0,3143.70927,直连,
T15,巡航,3143.70927,3370.432298,直连,
T15,巡航,3370.432298,3446.006641,中继,RS01
T15,下降,3446.006641,3527.743229,中继,RS01
T15,投送,3527.743229,3743.743229,中继,RS01
T15,爬升,3743.743229,3768.622965,中继,RS01
T15,巡航,3768.622965,3950.907073,中继,RS01
T15,下降,3950.907073,3987.006744,中继,RS01
T15,投送,3987.006744,4383.006744,中继,RS01
T15,爬升,4383.006744,4472.328399,中继,RS01
T15,巡航,4472.328399,4695.625078,中继,RS01
T15,巡航,4695.625078,4956.540349,直连,
T15,下降,4956.540349,5173.592418,直连,
T16,爬升,3456.0,3537.736444,直连,
T16,巡航,3537.736444,3672.386996,直连,
T16,巡航,3672.386996,4076.338652,中继,RS01
T16,下降,4076.338652,4117.142384,中继,RS01
T16,投送,4117.142384,4357.142384,中继,RS01
T16,爬升,4357.142384,4391.145495,中继,RS01
T16,巡航,4391.145495,4695.625078,中继,RS01
T16,巡航,4695.625078,4724.890406,中继,RS02
T16,巡航,4724.890406,4929.747703,直连,
T16,下降,4929.747703,5027.831436,直连,
T17,爬升,5418.0,5473.176304,直连,
T17,巡航,5473.176304,5663.347803,直连,
T17,巡航,5663.347803,5853.519302,中继,RS02
T17,下降,5853.519302,5878.810867,中继,RS02
T17,投送,5878.810867,6118.810867,中继,RS02
T17,爬升,6118.810867,6139.887171,中继,RS02
T17,巡航,6139.887171,6258.155878,中继,RS02
T17,巡航,6258.155878,6303.948111,直连,
T17,巡航,6303.948111,6358.018625,中继,RS03
T17,巡航,6358.018625,6520.230168,直连,
T17,下降,6520.230168,6586.441733,直连,
T18,爬升,5709.0,5776.064702,直连,
T18,巡航,5776.064702,5963.269651,直连,
T18,下降,5963.269651,6004.900529,直连,
T18,投送,6004.900529,6292.900529,直连,
T18,爬升,6292.900529,6352.516095,直连,
T18,巡航,6352.516095,6712.765065,中继,RS03
T18,下降,6712.765065,6779.184523,中继,RS03
T18,投送,6779.184523,7031.184523,中继,RS03
T18,爬升,7031.184523,7099.160189,中继,RS03
T18,巡航,7099.160189,7256.608205,中继,RS03
T18,巡航,7256.608205,7613.473286,直连,
T18,下降,7613.473286,7748.742869,直连,
T19,爬升,5972.0,6062.179722,直连,
T19,巡航,6062.179722,6303.948111,直连,
T19,巡航,6303.948111,6705.071093,中继,RS03
T19,下降,6705.071093,6773.046759,中继,RS03
T19,投送,6773.046759,6983.046759,中继,RS03
T19,爬升,6983.046759,7039.693148,中继,RS03
T19,巡航,7039.693148,7256.608205,中继,RS03
T19,巡航,7256.608205,7682.584519,直连,
T19,下降,7682.584519,7790.800185,直连,
T20,爬升,5972.0,6062.179722,直连,
T20,巡航,6062.179722,6303.948111,直连,
T20,巡航,6303.948111,6705.071093,中继,RS03
T20,下降,6705.071093,6773.046759,中继,RS03
T20,投送,6773.046759,6983.046759,中继,RS03
T20,爬升,6983.046759,7039.693148,中继,RS03
T20,巡航,7039.693148,7256.608205,中继,RS03
T20,巡航,7256.608205,7682.584519,直连,
T20,下降,7682.584519,7790.800185,直连,
T21,爬升,6192.0,6271.484355,直连,
T21,巡航,6271.484355,6383.842288,直连,
T21,巡航,6383.842288,6623.524818,中继,RS03
T21,下降,6623.524818,6689.230262,中继,RS03
T21,投送,6689.230262,7085.230262,中继,RS03
T21,爬升,7085.230262,7133.685462,中继,RS03
T21,巡航,7133.685462,7256.608205,中继,RS03
T21,巡航,7256.608205,7328.888147,直连,
T21,下降,7328.888147,7394.957148,直连,
T21,投送,7394.957148,7646.957148,直连,
T21,爬升,7646.957148,7682.579792,直连,
T21,巡航,7682.579792,7886.178381,直连,
T21,下降,7886.178381,7958.856686,直连,
T22,爬升,7372.0,7520.033085,直连,
T22,巡航,7520.033085,7747.984974,直连,
T22,巡航,7747.984974,7920.658617,中继,RS04
T22,下降,7920.658617,7959.578319,中继,RS04
T22,投送,7959.578319,8169.578319,中继,RS04
T22,爬升,8169.578319,8202.011404,中继,RS04
T22,巡航,8202.011404,8341.795198,中继,RS04
T22,巡航,8341.795198,8602.636935,直连,
T22,下降,8602.636935,8780.276637,直连,
