条目,输入,第二实现值,被核验实现值,绝对差,相对差,容差,判定,来源
式(2-1) 等效航程 L(q),"A 机型, q=0 kg(0%Q), d=1000 m",25000.0,25000.0,0.0,0.0,1e-09,一致,问题二_调度核心.segment 水平分项反解
式(2-3) 水平能耗 E_hor,"A 机型, q=0 kg(0%Q), d=1000 m",0.18,0.18,0.0,0.0,1e-09,一致,问题二_调度核心.segment（爬升=0 隔离）
式(2-2) 巡航时间,"A 机型, q=0 kg(0%Q), d=1000 m",83.33333333333333,83.33333333333333,0.0,0.0,1e-09,一致,问题二_调度核心.segment（爬升=下降=0）
式(2-1) 等效航程 L(q),"A 机型, q=0 kg(0%Q), d=5000 m",25000.0,25000.0,0.0,0.0,1e-09,一致,问题二_调度核心.segment 水平分项反解
式(2-3) 水平能耗 E_hor,"A 机型, q=0 kg(0%Q), d=5000 m",0.9,0.9,0.0,0.0,1e-09,一致,问题二_调度核心.segment（爬升=0 隔离）
式(2-2) 巡航时间,"A 机型, q=0 kg(0%Q), d=5000 m",416.6666666666667,416.6666666666667,0.0,0.0,1e-09,一致,问题二_调度核心.segment（爬升=下降=0）
式(2-1) 等效航程 L(q),"A 机型, q=0 kg(0%Q), d=15000 m",25000.0,25000.0,0.0,0.0,1e-09,一致,问题二_调度核心.segment 水平分项反解
式(2-3) 水平能耗 E_hor,"A 机型, q=0 kg(0%Q), d=15000 m",2.7,2.7,0.0,0.0,1e-09,一致,问题二_调度核心.segment（爬升=0 隔离）
式(2-2) 巡航时间,"A 机型, q=0 kg(0%Q), d=15000 m",1250.0,1250.0,0.0,0.0,1e-09,一致,问题二_调度核心.segment（爬升=下降=0）
式(2-1) 等效航程 L(q),"A 机型, q=0 kg(0%Q), d=30000 m",25000.0,25000.0,0.0,0.0,1e-09,一致,问题二_调度核心.segment 水平分项反解
式(2-3) 水平能耗 E_hor,"A 机型, q=0 kg(0%Q), d=30000 m",5.4,5.4,0.0,0.0,1e-09,一致,问题二_调度核心.segment（爬升=0 隔离）
式(2-2) 巡航时间,"A 机型, q=0 kg(0%Q), d=30000 m",2500.0,2500.0,0.0,0.0,1e-09,一致,问题二_调度核心.segment（爬升=下降=0）
式(2-1) 等效航程 L(q),"A 机型, q=6.25 kg(25%Q), d=1000 m",24375.0,24375.0,0.0,0.0,1e-09,一致,问题二_调度核心.segment 水平分项反解
式(2-3) 水平能耗 E_hor,"A 机型, q=6.25 kg(25%Q), d=1000 m",0.18461538461538463,0.18461538461538463,0.0,0.0,1e-09,一致,问题二_调度核心.segment（爬升=0 隔离）
式(2-2) 巡航时间,"A 机型, q=6.25 kg(25%Q), d=1000 m",83.33333333333333,83.33333333333333,0.0,0.0,1e-09,一致,问题二_调度核心.segment（爬升=下降=0）
式(2-1) 等效航程 L(q),"A 机型, q=6.25 kg(25%Q), d=5000 m",24375.0,24375.0,0.0,0.0,1e-09,一致,问题二_调度核心.segment 水平分项反解
式(2-3) 水平能耗 E_hor,"A 机型, q=6.25 kg(25%Q), d=5000 m",0.9230769230769231,0.9230769230769231,0.0,0.0,1e-09,一致,问题二_调度核心.segment（爬升=0 隔离）
式(2-2) 巡航时间,"A 机型, q=6.25 kg(25%Q), d=5000 m",416.6666666666667,416.6666666666667,0.0,0.0,1e-09,一致,问题二_调度核心.segment（爬升=下降=0）
式(2-1) 等效航程 L(q),"A 机型, q=6.25 kg(25%Q), d=15000 m",24375.0,24375.0,0.0,0.0,1e-09,一致,问题二_调度核心.segment 水平分项反解
式(2-3) 水平能耗 E_hor,"A 机型, q=6.25 kg(25%Q), d=15000 m",2.769230769230769,2.769230769230769,0.0,0.0,1e-09,一致,问题二_调度核心.segment（爬升=0 隔离）
式(2-2) 巡航时间,"A 机型, q=6.25 kg(25%Q), d=15000 m",1250.0,1250.0,0.0,0.0,1e-09,一致,问题二_调度核心.segment（爬升=下降=0）
式(2-1) 等效航程 L(q),"A 机型, q=6.25 kg(25%Q), d=30000 m",24375.0,24375.0,0.0,0.0,1e-09,一致,问题二_调度核心.segment 水平分项反解
式(2-3) 水平能耗 E_hor,"A 机型, q=6.25 kg(25%Q), d=30000 m",5.538461538461538,5.538461538461538,0.0,0.0,1e-09,一致,问题二_调度核心.segment（爬升=0 隔离）
式(2-2) 巡航时间,"A 机型, q=6.25 kg(25%Q), d=30000 m",2500.0,2500.0,0.0,0.0,1e-09,一致,问题二_调度核心.segment（爬升=下降=0）
式(2-1) 等效航程 L(q),"A 机型, q=12.5 kg(50%Q), d=1000 m",23232.23304703363,23232.23304703363,0.0,0.0,1e-09,一致,问题二_调度核心.segment 水平分项反解
式(2-3) 水平能耗 E_hor,"A 机型, q=12.5 kg(50%Q), d=1000 m",0.1936964040817667,0.1936964040817667,0.0,0.0,1e-09,一致,问题二_调度核心.segment（爬升=0 隔离）
式(2-2) 巡航时间,"A 机型, q=12.5 kg(50%Q), d=1000 m",83.33333333333333,83.33333333333333,0.0,0.0,1e-09,一致,问题二_调度核心.segment（爬升=下降=0）
式(2-1) 等效航程 L(q),"A 机型, q=12.5 kg(50%Q), d=5000 m",23232.23304703363,23232.23304703363,0.0,0.0,1e-09,一致,问题二_调度核心.segment 水平分项反解
式(2-3) 水平能耗 E_hor,"A 机型, q=12.5 kg(50%Q), d=5000 m",0.9684820204088335,0.9684820204088335,0.0,0.0,1e-09,一致,问题二_调度核心.segment（爬升=0 隔离）
式(2-2) 巡航时间,"A 机型, q=12.5 kg(50%Q), d=5000 m",416.6666666666667,416.6666666666667,0.0,0.0,1e-09,一致,问题二_调度核心.segment（爬升=下降=0）
式(2-1) 等效航程 L(q),"A 机型, q=12.5 kg(50%Q), d=15000 m",23232.23304703363,23232.23304703363,0.0,0.0,1e-09,一致,问题二_调度核心.segment 水平分项反解
式(2-3) 水平能耗 E_hor,"A 机型, q=12.5 kg(50%Q), d=15000 m",2.9054460612265003,2.9054460612265003,0.0,0.0,1e-09,一致,问题二_调度核心.segment（爬升=0 隔离）
式(2-2) 巡航时间,"A 机型, q=12.5 kg(50%Q), d=15000 m",1250.0,1250.0,0.0,0.0,1e-09,一致,问题二_调度核心.segment（爬升=下降=0）
式(2-1) 等效航程 L(q),"A 机型, q=12.5 kg(50%Q), d=30000 m",23232.23304703363,23232.23304703363,0.0,0.0,1e-09,一致,问题二_调度核心.segment 水平分项反解
式(2-3) 水平能耗 E_hor,"A 机型, q=12.5 kg(50%Q), d=30000 m",5.810892122453001,5.810892122453001,0.0,0.0,1e-09,一致,问题二_调度核心.segment（爬升=0 隔离）
式(2-2) 巡航时间,"A 机型, q=12.5 kg(50%Q), d=30000 m",2500.0,2500.0,0.0,0.0,1e-09,一致,问题二_调度核心.segment（爬升=下降=0）
式(2-1) 等效航程 L(q),"A 机型, q=25 kg(100%Q), d=1000 m",20000.0,20000.0,0.0,0.0,1e-09,一致,问题二_调度核心.segment 水平分项反解
式(2-3) 水平能耗 E_hor,"A 机型, q=25 kg(100%Q), d=1000 m",0.225,0.225,0.0,0.0,1e-09,一致,问题二_调度核心.segment（爬升=0 隔离）
式(2-2) 巡航时间,"A 机型, q=25 kg(100%Q), d=1000 m",83.33333333333333,83.33333333333333,0.0,0.0,1e-09,一致,问题二_调度核心.segment（爬升=下降=0）
式(2-1) 等效航程 L(q),"A 机型, q=25 kg(100%Q), d=5000 m",20000.0,20000.0,0.0,0.0,1e-09,一致,问题二_调度核心.segment 水平分项反解
式(2-3) 水平能耗 E_hor,"A 机型, q=25 kg(100%Q), d=5000 m",1.125,1.125,0.0,0.0,1e-09,一致,问题二_调度核心.segment（爬升=0 隔离）
式(2-2) 巡航时间,"A 机型, q=25 kg(100%Q), d=5000 m",416.6666666666667,416.6666666666667,0.0,0.0,1e-09,一致,问题二_调度核心.segment（爬升=下降=0）
式(2-1) 等效航程 L(q),"A 机型, q=25 kg(100%Q), d=15000 m",20000.0,20000.0,0.0,0.0,1e-09,一致,问题二_调度核心.segment 水平分项反解
式(2-3) 水平能耗 E_hor,"A 机型, q=25 kg(100%Q), d=15000 m",3.375,3.375,0.0,0.0,1e-09,一致,问题二_调度核心.segment（爬升=0 隔离）
式(2-2) 巡航时间,"A 机型, q=25 kg(100%Q), d=15000 m",1250.0,1250.0,0.0,0.0,1e-09,一致,问题二_调度核心.segment（爬升=下降=0）
式(2-1) 等效航程 L(q),"A 机型, q=25 kg(100%Q), d=30000 m",20000.0,20000.0,0.0,0.0,1e-09,一致,问题二_调度核心.segment 水平分项反解
式(2-3) 水平能耗 E_hor,"A 机型, q=25 kg(100%Q), d=30000 m",6.75,6.75,0.0,0.0,1e-09,一致,问题二_调度核心.segment（爬升=0 隔离）
式(2-2) 巡航时间,"A 机型, q=25 kg(100%Q), d=30000 m",2500.0,2500.0,0.0,0.0,1e-09,一致,问题二_调度核心.segment（爬升=下降=0）
式(2-1) 等效航程 L(q),"B 机型, q=0 kg(0%Q), d=1000 m",28000.0,28000.0,0.0,0.0,1e-09,一致,问题二_调度核心.segment 水平分项反解
式(2-3) 水平能耗 E_hor,"B 机型, q=0 kg(0%Q), d=1000 m",0.14285714285714285,0.14285714285714285,0.0,0.0,1e-09,一致,问题二_调度核心.segment（爬升=0 隔离）
式(2-2) 巡航时间,"B 机型, q=0 kg(0%Q), d=1000 m",66.66666666666667,66.66666666666667,0.0,0.0,1e-09,一致,问题二_调度核心.segment（爬升=下降=0）
式(2-1) 等效航程 L(q),"B 机型, q=0 kg(0%Q), d=5000 m",28000.0,28000.0,0.0,0.0,1e-09,一致,问题二_调度核心.segment 水平分项反解
式(2-3) 水平能耗 E_hor,"B 机型, q=0 kg(0%Q), d=5000 m",0.7142857142857143,0.7142857142857143,0.0,0.0,1e-09,一致,问题二_调度核心.segment（爬升=0 隔离）
式(2-2) 巡航时间,"B 机型, q=0 kg(0%Q), d=5000 m",333.3333333333333,333.3333333333333,0.0,0.0,1e-09,一致,问题二_调度核心.segment（爬升=下降=0）
式(2-1) 等效航程 L(q),"B 机型, q=0 kg(0%Q), d=15000 m",28000.0,28000.0,0.0,0.0,1e-09,一致,问题二_调度核心.segment 水平分项反解
式(2-3) 水平能耗 E_hor,"B 机型, q=0 kg(0%Q), d=15000 m",2.142857142857143,2.142857142857143,0.0,0.0,1e-09,一致,问题二_调度核心.segment（爬升=0 隔离）
式(2-2) 巡航时间,"B 机型, q=0 kg(0%Q), d=15000 m",1000.0,1000.0,0.0,0.0,1e-09,一致,问题二_调度核心.segment（爬升=下降=0）
式(2-1) 等效航程 L(q),"B 机型, q=0 kg(0%Q), d=30000 m",28000.0,28000.0,0.0,0.0,1e-09,一致,问题二_调度核心.segment 水平分项反解
式(2-3) 水平能耗 E_hor,"B 机型, q=0 kg(0%Q), d=30000 m",4.285714285714286,4.285714285714286,0.0,0.0,1e-09,一致,问题二_调度核心.segment（爬升=0 隔离）
式(2-2) 巡航时间,"B 机型, q=0 kg(0%Q), d=30000 m",2000.0,2000.0,0.0,0.0,1e-09,一致,问题二_调度核心.segment（爬升=下降=0）
式(2-1) 等效航程 L(q),"B 机型, q=7.5 kg(25%Q), d=1000 m",26500.0,26500.0,0.0,0.0,1e-09,一致,问题二_调度核心.segment 水平分项反解
式(2-3) 水平能耗 E_hor,"B 机型, q=7.5 kg(25%Q), d=1000 m",0.1509433962264151,0.1509433962264151,0.0,0.0,1e-09,一致,问题二_调度核心.segment（爬升=0 隔离）
式(2-2) 巡航时间,"B 机型, q=7.5 kg(25%Q), d=1000 m",66.66666666666667,66.66666666666667,0.0,0.0,1e-09,一致,问题二_调度核心.segment（爬升=下降=0）
式(2-1) 等效航程 L(q),"B 机型, q=7.5 kg(25%Q), d=5000 m",26500.0,26499.999999999996,3.637978807091713e-12,1.3728221913553635e-16,1e-09,一致,问题二_调度核心.segment 水平分项反解
式(2-3) 水平能耗 E_hor,"B 机型, q=7.5 kg(25%Q), d=5000 m",0.7547169811320755,0.7547169811320755,0.0,0.0,1e-09,一致,问题二_调度核心.segment（爬升=0 隔离）
式(2-2) 巡航时间,"B 机型, q=7.5 kg(25%Q), d=5000 m",333.3333333333333,333.3333333333333,0.0,0.0,1e-09,一致,问题二_调度核心.segment（爬升=下降=0）
式(2-1) 等效航程 L(q),"B 机型, q=7.5 kg(25%Q), d=15000 m",26500.0,26500.0,0.0,0.0,1e-09,一致,问题二_调度核心.segment 水平分项反解
式(2-3) 水平能耗 E_hor,"B 机型, q=7.5 kg(25%Q), d=15000 m",2.2641509433962264,2.2641509433962264,0.0,0.0,1e-09,一致,问题二_调度核心.segment（爬升=0 隔离）
式(2-2) 巡航时间,"B 机型, q=7.5 kg(25%Q), d=15000 m",1000.0,1000.0,0.0,0.0,1e-09,一致,问题二_调度核心.segment（爬升=下降=0）
式(2-1) 等效航程 L(q),"B 机型, q=7.5 kg(25%Q), d=30000 m",26500.0,26500.0,0.0,0.0,1e-09,一致,问题二_调度核心.segment 水平分项反解
式(2-3) 水平能耗 E_hor,"B 机型, q=7.5 kg(25%Q), d=30000 m",4.528301886792453,4.528301886792453,0.0,0.0,1e-09,一致,问题二_调度核心.segment（爬升=0 隔离）
式(2-2) 巡航时间,"B 机型, q=7.5 kg(25%Q), d=30000 m",2000.0,2000.0,0.0,0.0,1e-09,一致,问题二_调度核心.segment（爬升=下降=0）
式(2-1) 等效航程 L(q),"B 机型, q=15 kg(50%Q), d=1000 m",23757.359312880715,23757.359312880715,0.0,0.0,1e-09,一致,问题二_调度核心.segment 水平分项反解
式(2-3) 水平能耗 E_hor,"B 机型, q=15 kg(50%Q), d=1000 m",0.16836888087268556,0.16836888087268556,0.0,0.0,1e-09,一致,问题二_调度核心.segment（爬升=0 隔离）
式(2-2) 巡航时间,"B 机型, q=15 kg(50%Q), d=1000 m",66.66666666666667,66.66666666666667,0.0,0.0,1e-09,一致,问题二_调度核心.segment（爬升=下降=0）
式(2-1) 等效航程 L(q),"B 机型, q=15 kg(50%Q), d=5000 m",23757.359312880715,23757.359312880715,0.0,0.0,1e-09,一致,问题二_调度核心.segment 水平分项反解
式(2-3) 水平能耗 E_hor,"B 机型, q=15 kg(50%Q), d=5000 m",0.8418444043634278,0.8418444043634278,0.0,0.0,1e-09,一致,问题二_调度核心.segment（爬升=0 隔离）
式(2-2) 巡航时间,"B 机型, q=15 kg(50%Q), d=5000 m",333.3333333333333,333.3333333333333,0.0,0.0,1e-09,一致,问题二_调度核心.segment（爬升=下降=0）
式(2-1) 等效航程 L(q),"B 机型, q=15 kg(50%Q), d=15000 m",23757.359312880715,23757.359312880715,0.0,0.0,1e-09,一致,问题二_调度核心.segment 水平分项反解
式(2-3) 水平能耗 E_hor,"B 机型, q=15 kg(50%Q), d=15000 m",2.5255332130902834,2.5255332130902834,0.0,0.0,1e-09,一致,问题二_调度核心.segment（爬升=0 隔离）
式(2-2) 巡航时间,"B 机型, q=15 kg(50%Q), d=15000 m",1000.0,1000.0,0.0,0.0,1e-09,一致,问题二_调度核心.segment（爬升=下降=0）
式(2-1) 等效航程 L(q),"B 机型, q=15 kg(50%Q), d=30000 m",23757.359312880715,23757.359312880715,0.0,0.0,1e-09,一致,问题二_调度核心.segment 水平分项反解
式(2-3) 水平能耗 E_hor,"B 机型, q=15 kg(50%Q), d=30000 m",5.051066426180567,5.051066426180567,0.0,0.0,1e-09,一致,问题二_调度核心.segment（爬升=0 隔离）
式(2-2) 巡航时间,"B 机型, q=15 kg(50%Q), d=30000 m",2000.0,2000.0,0.0,0.0,1e-09,一致,问题二_调度核心.segment（爬升=下降=0）
式(2-1) 等效航程 L(q),"B 机型, q=30 kg(100%Q), d=1000 m",16000.0,16000.0,0.0,0.0,1e-09,一致,问题二_调度核心.segment 水平分项反解
式(2-3) 水平能耗 E_hor,"B 机型, q=30 kg(100%Q), d=1000 m",0.25,0.25,0.0,0.0,1e-09,一致,问题二_调度核心.segment（爬升=0 隔离）
式(2-2) 巡航时间,"B 机型, q=30 kg(100%Q), d=1000 m",66.66666666666667,66.66666666666667,0.0,0.0,1e-09,一致,问题二_调度核心.segment（爬升=下降=0）
式(2-1) 等效航程 L(q),"B 机型, q=30 kg(100%Q), d=5000 m",16000.0,16000.0,0.0,0.0,1e-09,一致,问题二_调度核心.segment 水平分项反解
式(2-3) 水平能耗 E_hor,"B 机型, q=30 kg(100%Q), d=5000 m",1.25,1.25,0.0,0.0,1e-09,一致,问题二_调度核心.segment（爬升=0 隔离）
式(2-2) 巡航时间,"B 机型, q=30 kg(100%Q), d=5000 m",333.3333333333333,333.3333333333333,0.0,0.0,1e-09,一致,问题二_调度核心.segment（爬升=下降=0）
式(2-1) 等效航程 L(q),"B 机型, q=30 kg(100%Q), d=15000 m",16000.0,16000.0,0.0,0.0,1e-09,一致,问题二_调度核心.segment 水平分项反解
式(2-3) 水平能耗 E_hor,"B 机型, q=30 kg(100%Q), d=15000 m",3.75,3.75,0.0,0.0,1e-09,一致,问题二_调度核心.segment（爬升=0 隔离）
式(2-2) 巡航时间,"B 机型, q=30 kg(100%Q), d=15000 m",1000.0,1000.0,0.0,0.0,1e-09,一致,问题二_调度核心.segment（爬升=下降=0）
式(2-1) 等效航程 L(q),"B 机型, q=30 kg(100%Q), d=30000 m",16000.0,16000.0,0.0,0.0,1e-09,一致,问题二_调度核心.segment 水平分项反解
式(2-3) 水平能耗 E_hor,"B 机型, q=30 kg(100%Q), d=30000 m",7.5,7.5,0.0,0.0,1e-09,一致,问题二_调度核心.segment（爬升=0 隔离）
式(2-2) 巡航时间,"B 机型, q=30 kg(100%Q), d=30000 m",2000.0,2000.0,0.0,0.0,1e-09,一致,问题二_调度核心.segment（爬升=下降=0）
式(2-1) 等效航程 L(q),"C 机型, q=0 kg(0%Q), d=1000 m",26000.0,26000.0,0.0,0.0,1e-09,一致,问题二_调度核心.segment 水平分项反解
式(2-3) 水平能耗 E_hor,"C 机型, q=0 kg(0%Q), d=1000 m",0.3076923076923077,0.3076923076923077,0.0,0.0,1e-09,一致,问题二_调度核心.segment（爬升=0 隔离）
式(2-2) 巡航时间,"C 机型, q=0 kg(0%Q), d=1000 m",66.66666666666667,66.66666666666667,0.0,0.0,1e-09,一致,问题二_调度核心.segment（爬升=下降=0）
式(2-1) 等效航程 L(q),"C 机型, q=0 kg(0%Q), d=5000 m",26000.0,26000.0,0.0,0.0,1e-09,一致,问题二_调度核心.segment 水平分项反解
式(2-3) 水平能耗 E_hor,"C 机型, q=0 kg(0%Q), d=5000 m",1.5384615384615385,1.5384615384615385,0.0,0.0,1e-09,一致,问题二_调度核心.segment（爬升=0 隔离）
式(2-2) 巡航时间,"C 机型, q=0 kg(0%Q), d=5000 m",333.3333333333333,333.3333333333333,0.0,0.0,1e-09,一致,问题二_调度核心.segment（爬升=下降=0）
式(2-1) 等效航程 L(q),"C 机型, q=0 kg(0%Q), d=15000 m",26000.0,26000.000000000004,3.637978807091713e-12,1.399222618112197e-16,1e-09,一致,问题二_调度核心.segment 水平分项反解
式(2-3) 水平能耗 E_hor,"C 机型, q=0 kg(0%Q), d=15000 m",4.615384615384615,4.615384615384615,0.0,0.0,1e-09,一致,问题二_调度核心.segment（爬升=0 隔离）
式(2-2) 巡航时间,"C 机型, q=0 kg(0%Q), d=15000 m",1000.0,1000.0,0.0,0.0,1e-09,一致,问题二_调度核心.segment（爬升=下降=0）
式(2-1) 等效航程 L(q),"C 机型, q=0 kg(0%Q), d=30000 m",26000.0,26000.000000000004,3.637978807091713e-12,1.399222618112197e-16,1e-09,一致,问题二_调度核心.segment 水平分项反解
式(2-3) 水平能耗 E_hor,"C 机型, q=0 kg(0%Q), d=30000 m",9.23076923076923,9.23076923076923,0.0,0.0,1e-09,一致,问题二_调度核心.segment（爬升=0 隔离）
式(2-2) 巡航时间,"C 机型, q=0 kg(0%Q), d=30000 m",2000.0,2000.0,0.0,0.0,1e-09,一致,问题二_调度核心.segment（爬升=下降=0）
式(2-1) 等效航程 L(q),"C 机型, q=20 kg(25%Q), d=1000 m",24250.0,24250.0,0.0,0.0,1e-09,一致,问题二_调度核心.segment 水平分项反解
式(2-3) 水平能耗 E_hor,"C 机型, q=20 kg(25%Q), d=1000 m",0.32989690721649484,0.32989690721649484,0.0,0.0,1e-09,一致,问题二_调度核心.segment（爬升=0 隔离）
式(2-2) 巡航时间,"C 机型, q=20 kg(25%Q), d=1000 m",66.66666666666667,66.66666666666667,0.0,0.0,1e-09,一致,问题二_调度核心.segment（爬升=下降=0）
式(2-1) 等效航程 L(q),"C 机型, q=20 kg(25%Q), d=5000 m",24250.0,24250.0,0.0,0.0,1e-09,一致,问题二_调度核心.segment 水平分项反解
式(2-3) 水平能耗 E_hor,"C 机型, q=20 kg(25%Q), d=5000 m",1.6494845360824741,1.6494845360824741,0.0,0.0,1e-09,一致,问题二_调度核心.segment（爬升=0 隔离）
式(2-2) 巡航时间,"C 机型, q=20 kg(25%Q), d=5000 m",333.3333333333333,333.3333333333333,0.0,0.0,1e-09,一致,问题二_调度核心.segment（爬升=下降=0）
式(2-1) 等效航程 L(q),"C 机型, q=20 kg(25%Q), d=15000 m",24250.0,24250.0,0.0,0.0,1e-09,一致,问题二_调度核心.segment 水平分项反解
式(2-3) 水平能耗 E_hor,"C 机型, q=20 kg(25%Q), d=15000 m",4.948453608247423,4.948453608247423,0.0,0.0,1e-09,一致,问题二_调度核心.segment（爬升=0 隔离）
式(2-2) 巡航时间,"C 机型, q=20 kg(25%Q), d=15000 m",1000.0,1000.0,0.0,0.0,1e-09,一致,问题二_调度核心.segment（爬升=下降=0）
式(2-1) 等效航程 L(q),"C 机型, q=20 kg(25%Q), d=30000 m",24250.0,24250.0,0.0,0.0,1e-09,一致,问题二_调度核心.segment 水平分项反解
式(2-3) 水平能耗 E_hor,"C 机型, q=20 kg(25%Q), d=30000 m",9.896907216494846,9.896907216494846,0.0,0.0,1e-09,一致,问题二_调度核心.segment（爬升=0 隔离）
式(2-2) 巡航时间,"C 机型, q=20 kg(25%Q), d=30000 m",2000.0,2000.0,0.0,0.0,1e-09,一致,问题二_调度核心.segment（爬升=下降=0）
式(2-1) 等效航程 L(q),"C 机型, q=40 kg(50%Q), d=1000 m",21050.25253169417,21050.25253169417,0.0,0.0,1e-09,一致,问题二_调度核心.segment 水平分项反解
式(2-3) 水平能耗 E_hor,"C 机型, q=40 kg(50%Q), d=1000 m",0.38004294665609617,0.38004294665609617,0.0,0.0,1e-09,一致,问题二_调度核心.segment（爬升=0 隔离）
式(2-2) 巡航时间,"C 机型, q=40 kg(50%Q), d=1000 m",66.66666666666667,66.66666666666667,0.0,0.0,1e-09,一致,问题二_调度核心.segment（爬升=下降=0）
式(2-1) 等效航程 L(q),"C 机型, q=40 kg(50%Q), d=5000 m",21050.25253169417,21050.25253169417,0.0,0.0,1e-09,一致,问题二_调度核心.segment 水平分项反解
式(2-3) 水平能耗 E_hor,"C 机型, q=40 kg(50%Q), d=5000 m",1.9002147332804808,1.9002147332804808,0.0,0.0,1e-09,一致,问题二_调度核心.segment（爬升=0 隔离）
式(2-2) 巡航时间,"C 机型, q=40 kg(50%Q), d=5000 m",333.3333333333333,333.3333333333333,0.0,0.0,1e-09,一致,问题二_调度核心.segment（爬升=下降=0）
式(2-1) 等效航程 L(q),"C 机型, q=40 kg(50%Q), d=15000 m",21050.25253169417,21050.25253169417,0.0,0.0,1e-09,一致,问题二_调度核心.segment 水平分项反解
式(2-3) 水平能耗 E_hor,"C 机型, q=40 kg(50%Q), d=15000 m",5.7006441998414425,5.7006441998414425,0.0,0.0,1e-09,一致,问题二_调度核心.segment（爬升=0 隔离）
式(2-2) 巡航时间,"C 机型, q=40 kg(50%Q), d=15000 m",1000.0,1000.0,0.0,0.0,1e-09,一致,问题二_调度核心.segment（爬升=下降=0）
式(2-1) 等效航程 L(q),"C 机型, q=40 kg(50%Q), d=30000 m",21050.25253169417,21050.25253169417,0.0,0.0,1e-09,一致,问题二_调度核心.segment 水平分项反解
式(2-3) 水平能耗 E_hor,"C 机型, q=40 kg(50%Q), d=30000 m",11.401288399682885,11.401288399682885,0.0,0.0,1e-09,一致,问题二_调度核心.segment（爬升=0 隔离）
式(2-2) 巡航时间,"C 机型, q=40 kg(50%Q), d=30000 m",2000.0,2000.0,0.0,0.0,1e-09,一致,问题二_调度核心.segment（爬升=下降=0）
式(2-1) 等效航程 L(q),"C 机型, q=80 kg(100%Q), d=1000 m",12000.0,12000.0,0.0,0.0,1e-09,一致,问题二_调度核心.segment 水平分项反解
式(2-3) 水平能耗 E_hor,"C 机型, q=80 kg(100%Q), d=1000 m",0.6666666666666666,0.6666666666666666,0.0,0.0,1e-09,一致,问题二_调度核心.segment（爬升=0 隔离）
式(2-2) 巡航时间,"C 机型, q=80 kg(100%Q), d=1000 m",66.66666666666667,66.66666666666667,0.0,0.0,1e-09,一致,问题二_调度核心.segment（爬升=下降=0）
式(2-1) 等效航程 L(q),"C 机型, q=80 kg(100%Q), d=5000 m",12000.0,12000.0,0.0,0.0,1e-09,一致,问题二_调度核心.segment 水平分项反解
式(2-3) 水平能耗 E_hor,"C 机型, q=80 kg(100%Q), d=5000 m",3.3333333333333335,3.3333333333333335,0.0,0.0,1e-09,一致,问题二_调度核心.segment（爬升=0 隔离）
式(2-2) 巡航时间,"C 机型, q=80 kg(100%Q), d=5000 m",333.3333333333333,333.3333333333333,0.0,0.0,1e-09,一致,问题二_调度核心.segment（爬升=下降=0）
式(2-1) 等效航程 L(q),"C 机型, q=80 kg(100%Q), d=15000 m",12000.0,12000.0,0.0,0.0,1e-09,一致,问题二_调度核心.segment 水平分项反解
式(2-3) 水平能耗 E_hor,"C 机型, q=80 kg(100%Q), d=15000 m",10.0,10.0,0.0,0.0,1e-09,一致,问题二_调度核心.segment（爬升=0 隔离）
式(2-2) 巡航时间,"C 机型, q=80 kg(100%Q), d=15000 m",1000.0,1000.0,0.0,0.0,1e-09,一致,问题二_调度核心.segment（爬升=下降=0）
式(2-1) 等效航程 L(q),"C 机型, q=80 kg(100%Q), d=30000 m",12000.0,12000.0,0.0,0.0,1e-09,一致,问题二_调度核心.segment 水平分项反解
式(2-3) 水平能耗 E_hor,"C 机型, q=80 kg(100%Q), d=30000 m",20.0,20.0,0.0,0.0,1e-09,一致,问题二_调度核心.segment（爬升=0 隔离）
式(2-2) 巡航时间,"C 机型, q=80 kg(100%Q), d=30000 m",2000.0,2000.0,0.0,0.0,1e-09,一致,问题二_调度核心.segment（爬升=下降=0）
式(2-3) 爬升附加能耗 E_up,"A 机型, q=0 kg, 爬升=10 m",0.0026493055555555554,0.0026493055555555554,0.0,0.0,1e-09,一致,问题二_调度核心.segment（距离=0 隔离）
式(2-2) 爬升时间,"A 机型, q=0 kg, 爬升=10 m",3.3333333333333335,3.3333333333333335,0.0,0.0,1e-09,一致,问题二_调度核心.segment（距离=0 隔离）
式(2-3) 爬升附加能耗 E_up,"A 机型, q=0 kg, 爬升=80 m",0.021194444444444443,0.021194444444444443,0.0,0.0,1e-09,一致,问题二_调度核心.segment（距离=0 隔离）
式(2-2) 爬升时间,"A 机型, q=0 kg, 爬升=80 m",26.666666666666668,26.666666666666668,0.0,0.0,1e-09,一致,问题二_调度核心.segment（距离=0 隔离）
式(2-3) 爬升附加能耗 E_up,"A 机型, q=0 kg, 爬升=500 m",0.13246527777777778,0.13246527777777778,0.0,0.0,1e-09,一致,问题二_调度核心.segment（距离=0 隔离）
式(2-2) 爬升时间,"A 机型, q=0 kg, 爬升=500 m",166.66666666666666,166.66666666666666,0.0,0.0,1e-09,一致,问题二_调度核心.segment（距离=0 隔离）
式(2-2) 下降时间,"A 机型, q=0 kg, 下降=10 m",4.0,4.0,0.0,0.0,1e-09,一致,问题二_调度核心.segment（距离=爬升=0）
式(2-2) 下降时间,"A 机型, q=0 kg, 下降=300 m",120.0,120.0,0.0,0.0,1e-09,一致,问题二_调度核心.segment（距离=爬升=0）
式(2-3) 爬升附加能耗 E_up,"A 机型, q=12.5 kg, 爬升=10 m",0.0031223958333333334,0.0031223958333333334,0.0,0.0,1e-09,一致,问题二_调度核心.segment（距离=0 隔离）
式(2-2) 爬升时间,"A 机型, q=12.5 kg, 爬升=10 m",3.3333333333333335,3.3333333333333335,0.0,0.0,1e-09,一致,问题二_调度核心.segment（距离=0 隔离）
式(2-3) 爬升附加能耗 E_up,"A 机型, q=12.5 kg, 爬升=80 m",0.024979166666666667,0.024979166666666667,0.0,0.0,1e-09,一致,问题二_调度核心.segment（距离=0 隔离）
式(2-2) 爬升时间,"A 机型, q=12.5 kg, 爬升=80 m",26.666666666666668,26.666666666666668,0.0,0.0,1e-09,一致,问题二_调度核心.segment（距离=0 隔离）
式(2-3) 爬升附加能耗 E_up,"A 机型, q=12.5 kg, 爬升=500 m",0.15611979166666667,0.15611979166666667,0.0,0.0,1e-09,一致,问题二_调度核心.segment（距离=0 隔离）
式(2-2) 爬升时间,"A 机型, q=12.5 kg, 爬升=500 m",166.66666666666666,166.66666666666666,0.0,0.0,1e-09,一致,问题二_调度核心.segment（距离=0 隔离）
式(2-2) 下降时间,"A 机型, q=12.5 kg, 下降=10 m",4.0,4.0,0.0,0.0,1e-09,一致,问题二_调度核心.segment（距离=爬升=0）
式(2-2) 下降时间,"A 机型, q=12.5 kg, 下降=300 m",120.0,120.0,0.0,0.0,1e-09,一致,问题二_调度核心.segment（距离=爬升=0）
式(2-3) 爬升附加能耗 E_up,"A 机型, q=25 kg, 爬升=10 m",0.003595486111111111,0.003595486111111111,0.0,0.0,1e-09,一致,问题二_调度核心.segment（距离=0 隔离）
式(2-2) 爬升时间,"A 机型, q=25 kg, 爬升=10 m",3.3333333333333335,3.3333333333333335,0.0,0.0,1e-09,一致,问题二_调度核心.segment（距离=0 隔离）
式(2-3) 爬升附加能耗 E_up,"A 机型, q=25 kg, 爬升=80 m",0.028763888888888887,0.028763888888888887,0.0,0.0,1e-09,一致,问题二_调度核心.segment（距离=0 隔离）
式(2-2) 爬升时间,"A 机型, q=25 kg, 爬升=80 m",26.666666666666668,26.666666666666668,0.0,0.0,1e-09,一致,问题二_调度核心.segment（距离=0 隔离）
式(2-3) 爬升附加能耗 E_up,"A 机型, q=25 kg, 爬升=500 m",0.17977430555555557,0.17977430555555557,0.0,0.0,1e-09,一致,问题二_调度核心.segment（距离=0 隔离）
式(2-2) 爬升时间,"A 机型, q=25 kg, 爬升=500 m",166.66666666666666,166.66666666666666,0.0,0.0,1e-09,一致,问题二_调度核心.segment（距离=0 隔离）
式(2-2) 下降时间,"A 机型, q=25 kg, 下降=10 m",4.0,4.0,0.0,0.0,1e-09,一致,问题二_调度核心.segment（距离=爬升=0）
式(2-2) 下降时间,"A 机型, q=25 kg, 下降=300 m",120.0,120.0,0.0,0.0,1e-09,一致,问题二_调度核心.segment（距离=爬升=0）
式(2-3) 爬升附加能耗 E_up,"B 机型, q=0 kg, 爬升=10 m",0.0024600694444444444,0.0024600694444444444,0.0,0.0,1e-09,一致,问题二_调度核心.segment（距离=0 隔离）
式(2-2) 爬升时间,"B 机型, q=0 kg, 爬升=10 m",3.3333333333333335,3.3333333333333335,0.0,0.0,1e-09,一致,问题二_调度核心.segment（距离=0 隔离）
式(2-3) 爬升附加能耗 E_up,"B 机型, q=0 kg, 爬升=80 m",0.019680555555555555,0.019680555555555555,0.0,0.0,1e-09,一致,问题二_调度核心.segment（距离=0 隔离）
式(2-2) 爬升时间,"B 机型, q=0 kg, 爬升=80 m",26.666666666666668,26.666666666666668,0.0,0.0,1e-09,一致,问题二_调度核心.segment（距离=0 隔离）
式(2-3) 爬升附加能耗 E_up,"B 机型, q=0 kg, 爬升=500 m",0.12300347222222222,0.12300347222222222,0.0,0.0,1e-09,一致,问题二_调度核心.segment（距离=0 隔离）
式(2-2) 爬升时间,"B 机型, q=0 kg, 爬升=500 m",166.66666666666666,166.66666666666666,0.0,0.0,1e-09,一致,问题二_调度核心.segment（距离=0 隔离）
式(2-2) 下降时间,"B 机型, q=0 kg, 下降=10 m",4.0,4.0,0.0,0.0,1e-09,一致,问题二_调度核心.segment（距离=爬升=0）
式(2-2) 下降时间,"B 机型, q=0 kg, 下降=300 m",120.0,120.0,0.0,0.0,1e-09,一致,问题二_调度核心.segment（距离=爬升=0）
式(2-3) 爬升附加能耗 E_up,"B 机型, q=15 kg, 爬升=10 m",0.003027777777777778,0.003027777777777778,0.0,0.0,1e-09,一致,问题二_调度核心.segment（距离=0 隔离）
式(2-2) 爬升时间,"B 机型, q=15 kg, 爬升=10 m",3.3333333333333335,3.3333333333333335,0.0,0.0,1e-09,一致,问题二_调度核心.segment（距离=0 隔离）
式(2-3) 爬升附加能耗 E_up,"B 机型, q=15 kg, 爬升=80 m",0.024222222222222225,0.024222222222222225,0.0,0.0,1e-09,一致,问题二_调度核心.segment（距离=0 隔离）
式(2-2) 爬升时间,"B 机型, q=15 kg, 爬升=80 m",26.666666666666668,26.666666666666668,0.0,0.0,1e-09,一致,问题二_调度核心.segment（距离=0 隔离）
式(2-3) 爬升附加能耗 E_up,"B 机型, q=15 kg, 爬升=500 m",0.1513888888888889,0.1513888888888889,0.0,0.0,1e-09,一致,问题二_调度核心.segment（距离=0 隔离）
式(2-2) 爬升时间,"B 机型, q=15 kg, 爬升=500 m",166.66666666666666,166.66666666666666,0.0,0.0,1e-09,一致,问题二_调度核心.segment（距离=0 隔离）
式(2-2) 下降时间,"B 机型, q=15 kg, 下降=10 m",4.0,4.0,0.0,0.0,1e-09,一致,问题二_调度核心.segment（距离=爬升=0）
式(2-2) 下降时间,"B 机型, q=15 kg, 下降=300 m",120.0,120.0,0.0,0.0,1e-09,一致,问题二_调度核心.segment（距离=爬升=0）
式(2-3) 爬升附加能耗 E_up,"B 机型, q=30 kg, 爬升=10 m",0.003595486111111111,0.003595486111111111,0.0,0.0,1e-09,一致,问题二_调度核心.segment（距离=0 隔离）
式(2-2) 爬升时间,"B 机型, q=30 kg, 爬升=10 m",3.3333333333333335,3.3333333333333335,0.0,0.0,1e-09,一致,问题二_调度核心.segment（距离=0 隔离）
式(2-3) 爬升附加能耗 E_up,"B 机型, q=30 kg, 爬升=80 m",0.028763888888888887,0.028763888888888887,0.0,0.0,1e-09,一致,问题二_调度核心.segment（距离=0 隔离）
式(2-2) 爬升时间,"B 机型, q=30 kg, 爬升=80 m",26.666666666666668,26.666666666666668,0.0,0.0,1e-09,一致,问题二_调度核心.segment（距离=0 隔离）
式(2-3) 爬升附加能耗 E_up,"B 机型, q=30 kg, 爬升=500 m",0.17977430555555557,0.17977430555555557,0.0,0.0,1e-09,一致,问题二_调度核心.segment（距离=0 隔离）
式(2-2) 爬升时间,"B 机型, q=30 kg, 爬升=500 m",166.66666666666666,166.66666666666666,0.0,0.0,1e-09,一致,问题二_调度核心.segment（距离=0 隔离）
式(2-2) 下降时间,"B 机型, q=30 kg, 下降=10 m",4.0,4.0,0.0,0.0,1e-09,一致,问题二_调度核心.segment（距离=爬升=0）
式(2-2) 下降时间,"B 机型, q=30 kg, 下降=300 m",120.0,120.0,0.0,0.0,1e-09,一致,问题二_调度核心.segment（距离=爬升=0）
式(2-3) 爬升附加能耗 E_up,"C 机型, q=0 kg, 爬升=10 m",0.0026455208333333335,0.0026455208333333335,0.0,0.0,1e-09,一致,问题二_调度核心.segment（距离=0 隔离）
式(2-2) 爬升时间,"C 机型, q=0 kg, 爬升=10 m",4.0,4.0,0.0,0.0,1e-09,一致,问题二_调度核心.segment（距离=0 隔离）
式(2-3) 爬升附加能耗 E_up,"C 机型, q=0 kg, 爬升=80 m",0.021164166666666668,0.021164166666666668,0.0,0.0,1e-09,一致,问题二_调度核心.segment（距离=0 隔离）
式(2-2) 爬升时间,"C 机型, q=0 kg, 爬升=80 m",32.0,32.0,0.0,0.0,1e-09,一致,问题二_调度核心.segment（距离=0 隔离）
式(2-3) 爬升附加能耗 E_up,"C 机型, q=0 kg, 爬升=500 m",0.13227604166666668,0.13227604166666668,0.0,0.0,1e-09,一致,问题二_调度核心.segment（距离=0 隔离）
式(2-2) 爬升时间,"C 机型, q=0 kg, 爬升=500 m",200.0,200.0,0.0,0.0,1e-09,一致,问题二_调度核心.segment（距离=0 隔离）
式(2-2) 下降时间,"C 机型, q=0 kg, 下降=10 m",5.0,5.0,0.0,0.0,1e-09,一致,问题二_调度核心.segment（距离=爬升=0）
式(2-2) 下降时间,"C 机型, q=0 kg, 下降=300 m",150.0,150.0,0.0,0.0,1e-09,一致,问题二_调度核心.segment（距离=爬升=0）
式(2-3) 爬升附加能耗 E_up,"C 机型, q=40 kg, 爬升=10 m",0.004159409722222223,0.004159409722222223,0.0,0.0,1e-09,一致,问题二_调度核心.segment（距离=0 隔离）
式(2-2) 爬升时间,"C 机型, q=40 kg, 爬升=10 m",4.0,4.0,0.0,0.0,1e-09,一致,问题二_调度核心.segment（距离=0 隔离）
式(2-3) 爬升附加能耗 E_up,"C 机型, q=40 kg, 爬升=80 m",0.033275277777777786,0.033275277777777786,0.0,0.0,1e-09,一致,问题二_调度核心.segment（距离=0 隔离）
式(2-2) 爬升时间,"C 机型, q=40 kg, 爬升=80 m",32.0,32.0,0.0,0.0,1e-09,一致,问题二_调度核心.segment（距离=0 隔离）
式(2-3) 爬升附加能耗 E_up,"C 机型, q=40 kg, 爬升=500 m",0.20797048611111116,0.20797048611111116,0.0,0.0,1e-09,一致,问题二_调度核心.segment（距离=0 隔离）
式(2-2) 爬升时间,"C 机型, q=40 kg, 爬升=500 m",200.0,200.0,0.0,0.0,1e-09,一致,问题二_调度核心.segment（距离=0 隔离）
式(2-2) 下降时间,"C 机型, q=40 kg, 下降=10 m",5.0,5.0,0.0,0.0,1e-09,一致,问题二_调度核心.segment（距离=爬升=0）
式(2-2) 下降时间,"C 机型, q=40 kg, 下降=300 m",150.0,150.0,0.0,0.0,1e-09,一致,问题二_调度核心.segment（距离=爬升=0）
式(2-3) 爬升附加能耗 E_up,"C 机型, q=80 kg, 爬升=10 m",0.005673298611111112,0.005673298611111112,0.0,0.0,1e-09,一致,问题二_调度核心.segment（距离=0 隔离）
式(2-2) 爬升时间,"C 机型, q=80 kg, 爬升=10 m",4.0,4.0,0.0,0.0,1e-09,一致,问题二_调度核心.segment（距离=0 隔离）
式(2-3) 爬升附加能耗 E_up,"C 机型, q=80 kg, 爬升=80 m",0.04538638888888889,0.04538638888888889,0.0,0.0,1e-09,一致,问题二_调度核心.segment（距离=0 隔离）
式(2-2) 爬升时间,"C 机型, q=80 kg, 爬升=80 m",32.0,32.0,0.0,0.0,1e-09,一致,问题二_调度核心.segment（距离=0 隔离）
式(2-3) 爬升附加能耗 E_up,"C 机型, q=80 kg, 爬升=500 m",0.2836649305555556,0.2836649305555556,0.0,0.0,1e-09,一致,问题二_调度核心.segment（距离=0 隔离）
式(2-2) 爬升时间,"C 机型, q=80 kg, 爬升=500 m",200.0,200.0,0.0,0.0,1e-09,一致,问题二_调度核心.segment（距离=0 隔离）
式(2-2) 下降时间,"C 机型, q=80 kg, 下降=10 m",5.0,5.0,0.0,0.0,1e-09,一致,问题二_调度核心.segment（距离=爬升=0）
式(2-2) 下降时间,"C 机型, q=80 kg, 下降=300 m",150.0,150.0,0.0,0.0,1e-09,一致,问题二_调度核心.segment（距离=爬升=0）
式(2-3) 航段总能耗（真实航段）,"A 机型 S014->S003, q=0 kg",2.2934701690770556,2.2934701690770556,0.0,0.0,1e-09,一致,问题二_调度核心.segment
式(2-2) 航段总时间（真实航段）,"A 机型 S014->S003, q=0 kg",1214.4112206260504,1214.4112206260504,0.0,0.0,1e-09,一致,问题二_调度核心.segment
式(2-3) 航段总能耗（真实航段）,"A 机型 S014->S003, q=12.5 kg",2.4745459109426875,2.4745459109426875,0.0,0.0,1e-09,一致,问题二_调度核心.segment
式(2-2) 航段总时间（真实航段）,"A 机型 S014->S003, q=12.5 kg",1214.4112206260504,1214.4112206260504,0.0,0.0,1e-09,一致,问题二_调度核心.segment
式(2-3) 航段总能耗（真实航段）,"A 机型 S014->S003, q=25 kg",2.873699305435192,2.873699305435192,0.0,0.0,1e-09,一致,问题二_调度核心.segment
式(2-2) 航段总时间（真实航段）,"A 机型 S014->S003, q=25 kg",1214.4112206260504,1214.4112206260504,0.0,0.0,1e-09,一致,问题二_调度核心.segment
式(2-3) 航段总能耗（真实航段）,"A 机型 S003->S014, q=0 kg",2.296781801021488,2.296781801021488,0.0,0.0,1e-09,一致,问题二_调度核心.segment
式(2-2) 航段总时间（真实航段）,"A 机型 S003->S014, q=0 kg",1213.5778872927112,1213.5778872927112,0.0,0.0,1e-09,一致,问题二_调度核心.segment
式(2-3) 航段总能耗（真实航段）,"A 机型 S003->S014, q=12.5 kg",2.4784489057343415,2.4784489057343415,0.0,0.0,1e-09,一致,问题二_调度核心.segment
式(2-2) 航段总时间（真实航段）,"A 机型 S003->S014, q=12.5 kg",1213.5778872927112,1213.5778872927112,0.0,0.0,1e-09,一致,问题二_调度核心.segment
式(2-3) 航段总能耗（真实航段）,"A 机型 S003->S014, q=25 kg",2.8781936630740654,2.8781936630740654,0.0,0.0,1e-09,一致,问题二_调度核心.segment
式(2-2) 航段总时间（真实航段）,"A 机型 S003->S014, q=25 kg",1213.5778872927112,1213.5778872927112,0.0,0.0,1e-09,一致,问题二_调度核心.segment
式(2-3) 航段总能耗（真实航段）,"A 机型 S003->S012, q=0 kg",2.1948990115368576,2.1948990115368576,0.0,0.0,1e-09,一致,问题二_调度核心.segment
式(2-2) 航段总时间（真实航段）,"A 机型 S003->S012, q=0 kg",1196.025412877727,1196.025412877727,0.0,0.0,1e-09,一致,问题二_调度核心.segment
式(2-3) 航段总能耗（真实航段）,"A 机型 S003->S012, q=12.5 kg",2.3688642216157927,2.3688642216157927,0.0,0.0,1e-09,一致,问题二_调度核心.segment
式(2-2) 航段总时间（真实航段）,"A 机型 S003->S012, q=12.5 kg",1196.025412877727,1196.025412877727,0.0,0.0,1e-09,一致,问题二_调度核心.segment
式(2-3) 航段总能耗（真实航段）,"A 机型 S003->S012, q=25 kg",2.750892955352392,2.750892955352392,0.0,0.0,1e-09,一致,问题二_调度核心.segment
式(2-2) 航段总时间（真实航段）,"A 机型 S003->S012, q=25 kg",1196.025412877727,1196.025412877727,0.0,0.0,1e-09,一致,问题二_调度核心.segment
式(2-3) 航段总能耗（真实航段）,"A 机型 S012->S003, q=0 kg",2.2104504351479672,2.2104504351479672,0.0,0.0,1e-09,一致,问题二_调度核心.segment
式(2-2) 航段总时间（真实航段）,"A 机型 S012->S003, q=0 kg",1192.1120795443926,1192.1120795443926,0.0,0.0,1e-09,一致,问题二_调度核心.segment
式(2-3) 航段总能耗（真实航段）,"A 机型 S012->S003, q=12.5 kg",2.3871926851574576,2.3871926851574576,0.0,0.0,1e-09,一致,问题二_调度核心.segment
式(2-2) 航段总时间（真实航段）,"A 机型 S012->S003, q=12.5 kg",1192.1120795443926,1192.1120795443926,0.0,0.0,1e-09,一致,问题二_调度核心.segment
式(2-3) 航段总能耗（真实航段）,"A 机型 S012->S003, q=25 kg",2.7719984588246125,2.7719984588246125,0.0,0.0,1e-09,一致,问题二_调度核心.segment
式(2-2) 航段总时间（真实航段）,"A 机型 S012->S003, q=25 kg",1192.1120795443926,1192.1120795443926,0.0,0.0,1e-09,一致,问题二_调度核心.segment
附录2 下降能耗效率取 0,"A 机型, 下降=100 m",0.0,0.0,0.0,0.0,1e-15,一致,问题二_调度核心.segment
式(2-3) 航段总能耗（真实航段）,"B 机型 S014->S003, q=0 kg",1.8288549457921162,1.8288549457921162,0.0,0.0,1e-09,一致,问题二_调度核心.segment
式(2-2) 航段总时间（真实航段）,"B 机型 S014->S003, q=0 kg",1007.9826443068299,1007.9826443068299,0.0,0.0,1e-09,一致,问题二_调度核心.segment
式(2-3) 航段总能耗（真实航段）,"B 机型 S014->S003, q=15 kg",2.1585592394485054,2.1585592394485054,0.0,0.0,1e-09,一致,问题二_调度核心.segment
式(2-2) 航段总时间（真实航段）,"B 机型 S014->S003, q=15 kg",1007.9826443068299,1007.9826443068299,0.0,0.0,1e-09,一致,问题二_调度核心.segment
式(2-3) 航段总能耗（真实航段）,"B 机型 S014->S003, q=30 kg",3.1833421699140225,3.1833421699140225,0.0,0.0,1e-09,一致,问题二_调度核心.segment
式(2-2) 航段总时间（真实航段）,"B 机型 S014->S003, q=30 kg",1007.9826443068299,1007.9826443068299,0.0,0.0,1e-09,一致,问题二_调度核心.segment
式(2-3) 航段总能耗（真实航段）,"B 机型 S003->S014, q=0 kg",1.831930032597662,1.831930032597662,0.0,0.0,1e-09,一致,问题二_调度核心.segment
式(2-2) 航段总时间（真实航段）,"B 机型 S003->S014, q=0 kg",1007.149310973492,1007.149310973492,0.0,0.0,1e-09,一致,问题二_调度核心.segment
式(2-3) 航段总能耗（真实航段）,"B 机型 S003->S014, q=15 kg",2.1623439616707163,2.1623439616707163,0.0,0.0,1e-09,一致,问题二_调度核心.segment
式(2-2) 航段总时间（真实航段）,"B 机型 S003->S014, q=15 kg",1007.149310973492,1007.149310973492,0.0,0.0,1e-09,一致,问题二_调度核心.segment
式(2-3) 航段总能耗（真实航段）,"B 机型 S003->S014, q=30 kg",3.1878365275528946,3.1878365275528946,0.0,0.0,1e-09,一致,问题二_调度核心.segment
式(2-2) 航段总时间（真实航段）,"B 机型 S003->S014, q=30 kg",1007.149310973492,1007.149310973492,0.0,0.0,1e-09,一致,问题二_调度核心.segment
式(2-3) 航段总能耗（真实航段）,"B 机型 S003->S012, q=0 kg",1.7511371384771581,1.7511371384771581,0.0,0.0,1e-09,一致,问题二_调度核心.segment
式(2-2) 航段总时间（真实航段）,"B 机型 S003->S012, q=0 kg",999.0760397748379,999.0760397748379,0.0,0.0,1e-09,一致,问题二_调度核心.segment
式(2-3) 航段总能耗（真实航段）,"B 机型 S003->S012, q=15 kg",2.0671467688753755,2.0671467688753755,0.0,0.0,1e-09,一致,问题二_调度核心.segment
式(2-2) 航段总时间（真实航段）,"B 机型 S003->S012, q=15 kg",999.0760397748379,999.0760397748379,0.0,0.0,1e-09,一致,问题二_调度核心.segment
式(2-3) 航段总能耗（真实航段）,"B 机型 S003->S012, q=30 kg",3.0463170150067262,3.0463170150067262,0.0,0.0,1e-09,一致,问题二_调度核心.segment
式(2-2) 航段总时间（真实航段）,"B 机型 S003->S012, q=30 kg",999.0760397748379,999.0760397748379,0.0,0.0,1e-09,一致,问题二_调度核心.segment
式(2-3) 航段总能耗（真实航段）,"B 机型 S012->S003, q=0 kg",1.7655777461160456,1.7655777461160456,0.0,0.0,1e-09,一致,问题二_调度核心.segment
式(2-2) 航段总时间（真实航段）,"B 机型 S012->S003, q=0 kg",995.1627064415037,995.1627064415037,0.0,0.0,1e-09,一致,问题二_调度核心.segment
式(2-3) 航段总能耗（真实航段）,"B 机型 S012->S003, q=15 kg",2.084919824430929,2.084919824430929,0.0,0.0,1e-09,一致,问题二_调度核心.segment
式(2-2) 航段总时间（真实航段）,"B 机型 S012->S003, q=15 kg",995.1627064415037,995.1627064415037,0.0,0.0,1e-09,一致,问题二_调度核心.segment
式(2-3) 航段总能耗（真实航段）,"B 机型 S012->S003, q=30 kg",3.067422518478946,3.067422518478946,0.0,0.0,1e-09,一致,问题二_调度核心.segment
式(2-2) 航段总时间（真实航段）,"B 机型 S012->S003, q=30 kg",995.1627064415037,995.1627064415037,0.0,0.0,1e-09,一致,问题二_调度核心.segment
附录2 下降能耗效率取 0,"B 机型, 下降=100 m",0.0,0.0,0.0,0.0,1e-15,一致,问题二_调度核心.segment
式(2-3) 航段总能耗（真实航段）,"C 机型 S014->S003, q=0 kg",3.8749391581862067,3.8749391581862067,0.0,0.0,1e-09,一致,问题二_调度核心.segment
式(2-2) 航段总时间（真实航段）,"C 机型 S014->S003, q=0 kg",1049.5209031772727,1049.5209031772727,0.0,0.0,1e-09,一致,问题二_调度核心.segment
式(2-3) 航段总能耗（真实航段）,"C 机型 S014->S003, q=40 kg",4.807648690485038,4.807648690485038,0.0,0.0,1e-09,一致,问题二_调度核心.segment
式(2-2) 航段总时间（真实航段）,"C 机型 S014->S003, q=40 kg",1049.5209031772727,1049.5209031772727,0.0,0.0,1e-09,一致,问题二_调度核心.segment
式(2-3) 航段总能耗（真实航段）,"C 机型 S014->S003, q=80 kg",8.39428344662508,8.39428344662508,0.0,0.0,1e-09,一致,问题二_调度核心.segment
式(2-2) 航段总时间（真实航段）,"C 机型 S014->S003, q=80 kg",1049.5209031772727,1049.5209031772727,0.0,0.0,1e-09,一致,问题二_调度核心.segment
式(2-3) 航段总能耗（真实航段）,"C 机型 S003->S014, q=0 kg",3.878246059227852,3.878246059227852,0.0,0.0,1e-09,一致,问题二_调度核心.segment
式(2-2) 航段总时间（真实航段）,"C 机型 S003->S014, q=0 kg",1048.2709031772679,1048.2709031772679,0.0,0.0,1e-09,一致,问题二_调度核心.segment
式(2-3) 航段总能耗（真实航段）,"C 机型 S003->S014, q=40 kg",4.81284795263779,4.81284795263779,0.0,0.0,1e-09,一致,问题二_调度核心.segment
式(2-2) 航段总时间（真实航段）,"C 机型 S003->S014, q=40 kg",1048.2709031772679,1048.2709031772679,0.0,0.0,1e-09,一致,问题二_调度核心.segment
式(2-3) 航段总能耗（真实航段）,"C 机型 S003->S014, q=80 kg",8.401375069888923,8.401375069888923,0.0,0.0,1e-09,一致,问题二_调度核心.segment
式(2-2) 航段总时间（真实航段）,"C 机型 S003->S014, q=80 kg",1048.2709031772679,1048.2709031772679,0.0,0.0,1e-09,一致,问题二_调度核心.segment
式(2-3) 航段总能耗（真实航段）,"C 机型 S003->S012, q=0 kg",3.7037372859947806,3.7037372859947806,0.0,0.0,1e-09,一致,问题二_调度核心.segment
式(2-2) 航段总时间（真实航段）,"C 机型 S003->S012, q=0 kg",1047.6275278119472,1047.6275278119472,0.0,0.0,1e-09,一致,问题二_调度核心.segment
式(2-3) 航段总能耗（真实航段）,"C 机型 S003->S012, q=40 kg",4.597471083545852,4.597471083545852,0.0,0.0,1e-09,一致,问题二_调度核心.segment
式(2-2) 航段总时间（真实航段）,"C 机型 S003->S012, q=40 kg",1047.6275278119472,1047.6275278119472,0.0,0.0,1e-09,一致,问题二_调度核心.segment
式(2-3) 航段总能耗（真实航段）,"C 机型 S003->S012, q=80 kg",8.02326182019622,8.02326182019622,0.0,0.0,1e-09,一致,问题二_调度核心.segment
式(2-2) 航段总时间（真实航段）,"C 机型 S003->S012, q=80 kg",1047.6275278119472,1047.6275278119472,0.0,0.0,1e-09,一致,问题二_调度核心.segment
式(2-3) 航段总能耗（真实航段）,"C 机型 S012->S003, q=0 kg",3.7192664932864443,3.7192664932864443,0.0,0.0,1e-09,一致,问题二_调度核心.segment
式(2-2) 航段总时间（真实航段）,"C 机型 S012->S003, q=0 kg",1041.7575278119466,1041.7575278119466,0.0,0.0,1e-09,一致,问题二_调度核心.segment
式(2-3) 航段总能耗（真实航段）,"C 机型 S012->S003, q=40 kg",4.621886818615291,4.621886818615291,0.0,0.0,1e-09,一致,问题二_调度核心.segment
式(2-2) 航段总时间（真实航段）,"C 机型 S012->S003, q=40 kg",1041.7575278119466,1041.7575278119466,0.0,0.0,1e-09,一致,问题二_调度核心.segment
式(2-3) 航段总能耗（真实航段）,"C 机型 S012->S003, q=80 kg",8.056564083043433,8.056564083043433,0.0,0.0,1e-09,一致,问题二_调度核心.segment
式(2-2) 航段总时间（真实航段）,"C 机型 S012->S003, q=80 kg",1041.7575278119466,1041.7575278119466,0.0,0.0,1e-09,一致,问题二_调度核心.segment
附录2 下降能耗效率取 0,"C 机型, 下降=100 m",0.0,0.0,0.0,0.0,1e-15,一致,问题二_调度核心.segment
式(2-5) 两阶段充电时长,"A 型电池 1800 s, SOC=0",1800.0,1800.0,0.0,0.0,1e-15,一致,问题二_调度核心.charge_time
式(2-5) 两阶段充电时长,"A 型电池 1800 s, SOC=0.2",1540.0,1540.0,0.0,0.0,1e-15,一致,问题二_调度核心.charge_time
式(2-5) 两阶段充电时长,"A 型电池 1800 s, SOC=0.5",1150.0,1150.0,0.0,0.0,1e-15,一致,问题二_调度核心.charge_time
式(2-5) 两阶段充电时长,"A 型电池 1800 s, SOC=0.8",759.9999999999999,759.9999999999999,0.0,0.0,1e-15,一致,问题二_调度核心.charge_time
式(2-5) 两阶段充电时长,"A 型电池 1800 s, SOC=0.8999999999",630.00000013,630.00000013,0.0,0.0,1e-15,一致,问题二_调度核心.charge_time
式(2-5) 两阶段充电时长,"A 型电池 1800 s, SOC=0.9",629.9999999999998,629.9999999999998,0.0,0.0,1e-15,一致,问题二_调度核心.charge_time
式(2-5) 两阶段充电时长,"A 型电池 1800 s, SOC=0.9000000001",629.9999993699998,629.9999993699998,0.0,0.0,1e-15,一致,问题二_调度核心.charge_time
式(2-5) 两阶段充电时长,"A 型电池 1800 s, SOC=0.95",315.0000000000003,315.0000000000003,0.0,0.0,1e-15,一致,问题二_调度核心.charge_time
式(2-5) 两阶段充电时长,"A 型电池 1800 s, SOC=1",0.0,0.0,0.0,0.0,1e-15,一致,问题二_调度核心.charge_time
式(2-5) 两阶段充电时长,"B 型电池 2400 s, SOC=0",2400.0,2400.0,0.0,0.0,1e-15,一致,问题二_调度核心.charge_time
式(2-5) 两阶段充电时长,"B 型电池 2400 s, SOC=0.2",2053.333333333333,2053.333333333333,0.0,0.0,1e-15,一致,问题二_调度核心.charge_time
式(2-5) 两阶段充电时长,"B 型电池 2400 s, SOC=0.5",1533.3333333333333,1533.3333333333333,0.0,0.0,1e-15,一致,问题二_调度核心.charge_time
式(2-5) 两阶段充电时长,"B 型电池 2400 s, SOC=0.8",1013.3333333333331,1013.3333333333331,0.0,0.0,1e-15,一致,问题二_调度核心.charge_time
式(2-5) 两阶段充电时长,"B 型电池 2400 s, SOC=0.8999999999",840.0000001733333,840.0000001733333,0.0,0.0,1e-15,一致,问题二_调度核心.charge_time
式(2-5) 两阶段充电时长,"B 型电池 2400 s, SOC=0.9",839.9999999999998,839.9999999999998,0.0,0.0,1e-15,一致,问题二_调度核心.charge_time
式(2-5) 两阶段充电时长,"B 型电池 2400 s, SOC=0.9000000001",839.9999991599998,839.9999991599998,0.0,0.0,1e-15,一致,问题二_调度核心.charge_time
式(2-5) 两阶段充电时长,"B 型电池 2400 s, SOC=0.95",420.00000000000034,420.00000000000034,0.0,0.0,1e-15,一致,问题二_调度核心.charge_time
式(2-5) 两阶段充电时长,"B 型电池 2400 s, SOC=1",0.0,0.0,0.0,0.0,1e-15,一致,问题二_调度核心.charge_time
式(2-5) 两阶段充电时长,"C 型电池 3000 s, SOC=0",3000.0,3000.0,0.0,0.0,1e-15,一致,问题二_调度核心.charge_time
式(2-5) 两阶段充电时长,"C 型电池 3000 s, SOC=0.2",2566.6666666666665,2566.6666666666665,0.0,0.0,1e-15,一致,问题二_调度核心.charge_time
式(2-5) 两阶段充电时长,"C 型电池 3000 s, SOC=0.5",1916.6666666666665,1916.6666666666665,0.0,0.0,1e-15,一致,问题二_调度核心.charge_time
式(2-5) 两阶段充电时长,"C 型电池 3000 s, SOC=0.8",1266.6666666666665,1266.6666666666665,0.0,0.0,1e-15,一致,问题二_调度核心.charge_time
式(2-5) 两阶段充电时长,"C 型电池 3000 s, SOC=0.8999999999",1050.0000002166666,1050.0000002166666,0.0,0.0,1e-15,一致,问题二_调度核心.charge_time
式(2-5) 两阶段充电时长,"C 型电池 3000 s, SOC=0.9",1049.9999999999995,1049.9999999999995,0.0,0.0,1e-15,一致,问题二_调度核心.charge_time
式(2-5) 两阶段充电时长,"C 型电池 3000 s, SOC=0.9000000001",1049.9999989499997,1049.9999989499997,0.0,0.0,1e-15,一致,问题二_调度核心.charge_time
式(2-5) 两阶段充电时长,"C 型电池 3000 s, SOC=0.95",525.0000000000005,525.0000000000005,0.0,0.0,1e-15,一致,问题二_调度核心.charge_time
式(2-5) 两阶段充电时长,"C 型电池 3000 s, SOC=1",0.0,0.0,0.0,0.0,1e-15,一致,问题二_调度核心.charge_time
式(3-5) 自由空间传播损耗,"D=0.3 km, f=2400 MHz, Lobs=10 dB",89.59664992862537,89.59664992962537,1.0000036354540498e-09,1.1161172167034293e-11,1e-09,一致,问题三_通信核心.certified_link（门限二分反解）
式(3-5) 与物理式一致性（容差依据）,"D=0.3 km, f=2400 MHz",89.59664992862537,89.59443315050875,0.0022167781166189116,2.474236443792182e-05,0.02,一致,常数 32.45 dB 为 20log10(4π·10^9/c) 的取整，非题面误差
式(3-5) 自由空间传播损耗,"D=1.0 km, f=2400 MHz, Lobs=10 dB",100.05422483423212,100.05422483523212,1.0000036354540498e-09,9.99461679005401e-12,1e-09,一致,问题三_通信核心.certified_link（门限二分反解）
式(3-5) 与物理式一致性（容差依据）,"D=1.0 km, f=2400 MHz",100.05422483423212,100.0520080561155,0.0022167781166189116,2.2156258127029316e-05,0.02,一致,常数 32.45 dB 为 20log10(4π·10^9/c) 的取整，非题面误差
式(3-5) 自由空间传播损耗,"D=6.0 km, f=2400 MHz, Lobs=10 dB",115.617249841905,115.617249842905,1.0000036354540498e-09,8.649259836337616e-12,1e-09,一致,问题三_通信核心.certified_link（门限二分反解）
式(3-5) 与物理式一致性（容差依据）,"D=6.0 km, f=2400 MHz",115.617249841905,115.61503306378837,0.0022167781166189116,1.9173787853313565e-05,0.02,一致,常数 32.45 dB 为 20log10(4π·10^9/c) 的取整，非题面误差
式(3-5) 自由空间传播损耗,"D=20.0 km, f=2400 MHz, Lobs=10 dB",126.07482474751174,126.07482474851173,9.999894245993346e-10,7.931713778655394e-12,1e-09,一致,问题三_通信核心.certified_link（门限二分反解）
式(3-5) 与物理式一致性（容差依据）,"D=20.0 km, f=2400 MHz",126.07482474751174,126.07260796939512,0.0022167781166189116,1.7583344648165348e-05,0.02,一致,常数 32.45 dB 为 20log10(4π·10^9/c) 的取整，非题面误差
式(3-2)(3-3)(3-4) 链路预算,参数 freq_mhz,2400.0,2400.0,0.0,0.0,1e-09,一致,问题三_通信核心.load_parameters
式(3-2)(3-3)(3-4) 链路预算,参数 obstruction_db,10.0,10.0,0.0,0.0,1e-09,一致,问题三_通信核心.load_parameters
式(3-2)(3-3)(3-4) 链路预算,参数 limit_direct,122.0,122.0,0.0,0.0,1e-09,一致,问题三_通信核心.load_parameters
式(3-2)(3-3)(3-4) 链路预算,参数 limit_access,116.0,116.0,0.0,0.0,1e-09,一致,问题三_通信核心.load_parameters
式(3-2)(3-3)(3-4) 链路预算,参数 limit_backhaul,126.0,126.0,0.0,0.0,1e-09,一致,问题三_通信核心.load_parameters
式(3-2) 接收门限 Pth=Psens+M,"Psens=-98, M=8",-90.0,-90.0,0.0,0.0,1e-09,一致,由实现门限反解（直连）
架次总能耗（问题二主方案 25 架次合计）,主方案,69.96489527172167,69.96489527172167,0.0,0.0,1e-09,一致,问题二_调度核心.evaluate_sortie（自有加载数据）
架次总能耗（问题二主方案，发布值对照）,主方案,69.96489527172167,69.96489527172167,0.0,0.0,1e-09,一致,results/问题二_参考口径/主方案_完整方案.json
最低返航 SOC（问题二主方案）,主方案,0.21865846083130847,0.21865846083130847,0.0,0.0,1e-09,一致,问题二_调度核心.evaluate_sortie（自有加载数据）
最低返航 SOC（问题二主方案，发布值对照）,主方案,0.21865846083130847,0.21865846083130847,0.0,0.0,1e-09,一致,主方案_完整方案.json
架次总能耗（12 个已发布方案中最差者）,非支配方案_11_完整方案.json,61.610862526263546,61.61086252626353,1.4210854715202004e-14,2.306550197888268e-16,1e-09,一致,results/问题二_参考口径/*_完整方案.json
架次总能耗（问题三运输 22 架次合计）,主方案_完整方案.json,71.43661028390927,71.43661028390927,0.0,0.0,1e-09,一致,自有逐架次复算 vs 发布 JSON
中继架次总能耗（问题三 4 架次合计）,主方案_完整方案.json,4.76048450902673,4.760484509015939,1.0791367799356522e-11,2.266863336897457e-12,1e-09,一致,自有中继复算 vs 发布 JSON
联合最晚返航（问题三）,"max(运输, 中继 return_s)",9573.284379343868,9573.284379343868,0.0,0.0,1e-09,一致,主方案_完整方案.json
最低返航 SOC（问题三运输）,22 架次最小值,0.21236551110923707,0.21236551110923707,0.0,0.0,1e-09,一致,主方案_完整方案.json
最低返航 SOC（问题三中继）,4 架次最小值,0.38674256765015547,0.3867425676520453,1.8898216325169415e-12,4.886510538496569e-12,1e-09,一致,主方案_完整方案.json
