货箱编号,架次编号,服务区编号,交付完成时刻_s,物资类型,期望送达时间_s,硬截止时间_s,加权延误
S001-FOD-01,T02,S001,1380.269539,应急食品,7200.0,,0.0
S001-FOD-02,T02,S001,1380.269539,应急食品,7200.0,,0.0
S001-FOD-03,T03,S001,2743.823407,应急食品,7200.0,,0.0
S001-HYG-01,T02,S001,1380.269539,生活卫生用品,10800.0,,0.0
S001-HYG-02,T02,S001,1380.269539,生活卫生用品,10800.0,,0.0
S001-MED-01,T02,S001,1380.269539,医疗物资,3600.0,3600.0,0.0
S001-MED-02,T02,S001,1380.269539,医疗物资,3600.0,3600.0,0.0
S001-WAT-01,T03,S001,2743.823407,饮用水,3600.0,3600.0,0.0
S001-WAT-02,T03,S001,2743.823407,饮用水,3600.0,,0.0
S001-WAT-03,T03,S001,2743.823407,饮用水,3600.0,,0.0
S001-WAT-04,T03,S001,2743.823407,饮用水,3600.0,,0.0
S001-WAT-05,T03,S001,2743.823407,饮用水,3600.0,,0.0
S001-WAT-06,T02,S001,1380.269539,饮用水,3600.0,,0.0
S001-WAT-07,T02,S001,1380.269539,饮用水,3600.0,,0.0
S001-WAT-08,T02,S001,1380.269539,饮用水,3600.0,,0.0
S002-FOD-01,T04,S002,3179.48527,应急食品,7200.0,,0.0
S002-FOD-02,T04,S002,3179.48527,应急食品,7200.0,,0.0
S002-HYG-01,T04,S002,3179.48527,生活卫生用品,10800.0,,0.0
S002-MED-01,T15,S002,1313.808991,医疗物资,3600.0,3600.0,0.0
S002-WAT-01,T15,S002,1313.808991,饮用水,3600.0,3600.0,0.0
S002-WAT-02,T04,S002,3179.48527,饮用水,3600.0,,0.0
S002-WAT-03,T04,S002,3179.48527,饮用水,3600.0,,0.0
S002-WAT-04,T04,S002,3179.48527,饮用水,3600.0,,0.0
S003-FOD-01,T05,S003,5001.515658,应急食品,10800.0,,0.0
S003-FOD-02,T05,S003,5001.515658,应急食品,10800.0,,0.0
S003-HYG-01,T05,S003,5001.515658,生活卫生用品,14400.0,,0.0
S003-MED-01,T19,S003,4136.530452,医疗物资,7200.0,7200.0,0.0
S003-WAT-01,T19,S003,4136.530452,饮用水,7200.0,7200.0,0.0
S003-WAT-02,T05,S003,5001.515658,饮用水,7200.0,,0.0
S003-WAT-03,T05,S003,5001.515658,饮用水,7200.0,,0.0
S003-WAT-04,T05,S003,5001.515658,饮用水,7200.0,,0.0
S004-FOD-01,T16,S004,1371.046759,应急食品,10800.0,,0.0
S004-HYG-01,T09,S004,3112.224902,生活卫生用品,14400.0,,0.0
S004-MED-01,T20,S004,4197.848425,医疗物资,7200.0,7200.0,0.0
S004-WAT-01,T09,S004,3112.224902,饮用水,7200.0,7200.0,0.0
S004-WAT-02,T20,S004,4197.848425,饮用水,7200.0,,0.0
S004-WAT-03,T16,S004,1371.046759,饮用水,7200.0,,0.0
S005-FOD-01,T06,S005,5173.211724,应急食品,14400.0,,0.0
S005-HYG-01,T06,S005,5173.211724,生活卫生用品,18000.0,,0.0
S005-MED-01,T06,S005,5173.211724,医疗物资,10800.0,10800.0,0.0
S005-WAT-01,T06,S005,5173.211724,饮用水,10800.0,10800.0,0.0
S005-WAT-02,T06,S005,5173.211724,饮用水,10800.0,,0.0
S005-WAT-03,T06,S005,5173.211724,饮用水,10800.0,,0.0
S006-FOD-01,T01,S006,1209.421934,应急食品,7200.0,,0.0
S006-HYG-01,T01,S006,1209.421934,生活卫生用品,10800.0,,0.0
S006-MED-01,T01,S006,1209.421934,医疗物资,3600.0,3600.0,0.0
S006-WAT-01,T01,S006,1209.421934,饮用水,3600.0,3600.0,0.0
S006-WAT-02,T01,S006,1209.421934,饮用水,3600.0,,0.0
S006-WAT-03,T01,S006,1209.421934,饮用水,3600.0,,0.0
S007-FOD-01,T14,S007,1141.352042,应急食品,7200.0,,0.0
S007-HYG-01,T05,S007,4362.252143,生活卫生用品,10800.0,,0.0
S007-MED-01,T18,S007,2898.776127,医疗物资,3600.0,3600.0,0.0
S007-WAT-01,T14,S007,1141.352042,饮用水,3600.0,3600.0,0.0
S007-WAT-02,T18,S007,2898.776127,饮用水,3600.0,,0.0
S008-FOD-01,T11,S008,4769.262301,应急食品,10800.0,,0.0
S008-HYG-01,T12,S008,5022.542438,生活卫生用品,14400.0,,0.0
S008-MED-01,T11,S008,4769.262301,医疗物资,7200.0,7200.0,0.0
S008-WAT-01,T11,S008,4769.262301,饮用水,7200.0,7200.0,0.0
S008-WAT-02,T12,S008,5022.542438,饮用水,7200.0,,0.0
S009-FOD-01,T21,S009,4726.576042,应急食品,14400.0,,0.0
S009-MED-01,T20,S009,4696.997425,医疗物资,10800.0,10800.0,0.0
S009-WAT-01,T21,S009,4726.576042,饮用水,10800.0,10800.0,0.0
S010-FOD-01,T10,S010,3007.9668,应急食品,7200.0,,0.0
S010-MED-01,T10,S010,3007.9668,医疗物资,3600.0,3600.0,0.0
S010-WAT-01,T10,S010,3007.9668,饮用水,3600.0,3600.0,0.0
S011-FOD-01,T22,S011,4830.68509,应急食品,14400.0,,0.0
S011-MED-01,T18,S011,3436.000426,医疗物资,10800.0,10800.0,0.0
S011-WAT-01,T22,S011,4830.68509,饮用水,10800.0,10800.0,0.0
S012-FOD-01,T07,S012,1271.300175,应急食品,7200.0,,0.0
S012-MED-01,T07,S012,1271.300175,医疗物资,7200.0,3600.0,0.0
S012-WAT-01,T07,S012,1271.300175,饮用水,3600.0,3600.0,0.0
S013-FOD-01,T13,S013,1083.590202,应急食品,7200.0,,0.0
S013-MED-01,T15,S013,1934.927636,医疗物资,3600.0,3600.0,0.0
S013-WAT-01,T13,S013,1083.590202,饮用水,3600.0,3600.0,0.0
S014-FOD-01,T08,S014,1242.434875,应急食品,7200.0,,0.0
S014-MED-01,T08,S014,1242.434875,医疗物资,7200.0,3600.0,0.0
S014-WAT-01,T08,S014,1242.434875,饮用水,3600.0,3600.0,0.0
S015-FOD-01,T17,S015,2869.848439,应急食品,14400.0,,0.0
S015-MED-01,T19,S015,4589.720194,医疗物资,7200.0,7200.0,0.0
S015-WAT-01,T17,S015,2869.848439,饮用水,10800.0,10800.0,0.0
